#
# A fatal error has been detected by the Java Runtime Environment:
#
#  SIGSEGV (0xb) at pc=0x00007fa1c1706ba6, pid=3152661, tid=3152662
#
# JRE version: OpenJDK Runtime Environment Temurin-25.0.3+9 (25.0.3+9) (build 25.0.3+9-LTS)
# Java VM: OpenJDK 64-Bit Server VM Temurin-25.0.3+9 (25.0.3+9-LTS, mixed mode, tiered, compressed oops, compressed class ptrs, g1 gc, linux-amd64)
# Problematic frame:
# C  [libgtk-3.so.0+0x306ba6]  gtk_widget_realize+0x46
#
# Core dump will be written. Default location: Determined by the following: "/usr/lib/systemd/systemd-coredump %P %u %g %s %t %c %h %d %F" (alternatively, falling back to /home/artemis/Projetos/Meus/JungleGaming_Challenge/core.3152661)
#
# If you would like to submit a bug report, please visit:
#   https://github.com/adoptium/adoptium-support/issues
# The crash happened outside the Java Virtual Machine in native code.
# See problematic frame for where to report the bug.
#

---------------  S U M M A R Y ------------

Command Line: -XX:+IgnoreUnrecognizedVMOptions -Dosgi.requiredJavaVersion=21 -Dfile.encoding=UTF-8 --sun-misc-unsafe-memory-access=allow --enable-native-access=ALL-UNNAMED --add-modules=ALL-DEFAULT --add-opens=java.base/java.io=ALL-UNNAMED --add-opens=java.base/java.lang=ALL-UNNAMED --add-opens=java.base/java.lang.reflect=ALL-UNNAMED --add-opens=java.base/java.net=ALL-UNNAMED --add-opens=java.base/java.nio=ALL-UNNAMED --add-opens=java.base/java.nio.charset=ALL-UNNAMED --add-opens=java.base/java.text=ALL-UNNAMED --add-opens=java.base/java.time=ALL-UNNAMED --add-opens=java.base/java.util=ALL-UNNAMED --add-opens=java.base/java.util.concurrent=ALL-UNNAMED --add-opens=java.base/java.util.concurrent.atomic=ALL-UNNAMED --add-opens=java.base/jdk.internal.vm=ALL-UNNAMED --add-opens=java.base/jdk.internal.misc=ALL-UNNAMED --add-opens=java.base/sun.nio.ch=ALL-UNNAMED --add-opens=java.base/sun.nio.fs=ALL-UNNAMED --add-opens=java.base/sun.security.ssl=ALL-UNNAMED --add-opens=java.base/sun.security.util=ALL-UNNAMED --add-opens=java.security.jgss/sun.security.jgss=ALL-UNNAMED --add-opens=java.security.jgss/sun.security.krb5=ALL-UNNAMED --add-opens=java.desktop/java.awt=ALL-UNNAMED --add-opens=java.desktop/java.awt.peer=ALL-UNNAMED --add-opens=java.sql/java.sql=ALL-UNNAMED -Xms64m -Xmx1024m -Ddbeaver.distribution.type=rpm /usr/share/dbeaver-ce//plugins/org.jkiss.dbeaver.launcher_1.0.60.202608301738.jar -os linux -ws gtk -arch x86_64 -showsplash -launcher /usr/share/dbeaver-ce/dbeaver -name Dbeaver --launcher.library /usr/share/dbeaver-ce//plugins/org.eclipse.equinox.launcher.gtk.linux.x86_64_1.2.1500.v20250801-0854/eclipse_11916.so -startup /usr/share/dbeaver-ce//plugins/org.jkiss.dbeaver.launcher_1.0.60.202608301738.jar --launcher.overrideVmargs -exitdata 7 -vm /usr/share/dbeaver-ce/jre/bin/java -vmargs -XX:+IgnoreUnrecognizedVMOptions -Dosgi.requiredJavaVersion=21 -Dfile.encoding=UTF-8 --sun-misc-unsafe-memory-access=allow --enable-native-access=ALL-UNNAMED --add-modules=ALL-DEFAULT --add-opens=java.base/java.io=ALL-UNNAMED --add-opens=java.base/java.lang=ALL-UNNAMED --add-opens=java.base/java.lang.reflect=ALL-UNNAMED --add-opens=java.base/java.net=ALL-UNNAMED --add-opens=java.base/java.nio=ALL-UNNAMED --add-opens=java.base/java.nio.charset=ALL-UNNAMED --add-opens=java.base/java.text=ALL-UNNAMED --add-opens=java.base/java.time=ALL-UNNAMED --add-opens=java.base/java.util=ALL-UNNAMED --add-opens=java.base/java.util.concurrent=ALL-UNNAMED --add-opens=java.base/java.util.concurrent.atomic=ALL-UNNAMED --add-opens=java.base/jdk.internal.vm=ALL-UNNAMED --add-opens=java.base/jdk.internal.misc=ALL-UNNAMED --add-opens=java.base/sun.nio.ch=ALL-UNNAMED --add-opens=java.base/sun.nio.fs=ALL-UNNAMED --add-opens=java.base/sun.security.ssl=ALL-UNNAMED --add-opens=java.base/sun.security.util=ALL-UNNAMED --add-opens=java.security.jgss/sun.security.jgss=ALL-UNNAMED --add-opens=java.security.jgss/sun.security.krb5=ALL-UNNAMED --add-opens=java.desktop/java.awt=ALL-UNNAMED --add-opens=java.desktop/java.awt.peer=ALL-UNNAMED --add-opens=java.sql/java.sql=ALL-UNNAMED -Xms64m -Xmx1024m -Ddbeaver.distribution.type=rpm -jar /usr/share/dbeaver-ce//plugins/org.jkiss.dbeaver.launcher_1.0.60.202608301738.jar

Host: AMD Ryzen 5 5500, 12 cores, 31G, Fedora release 44 (Forty Four)
Time: Sat Sep 12 12:12:22 2026 -03 elapsed time: 3.319748 seconds (0d 0h 0m 3s)

---------------  T H R E A D  ---------------

Current thread (0x00007fa20802e010):  JavaThread "main"             [_thread_in_native, id=3152662, stack(0x00007fa20df00000,0x00007fa20e000000) (1024K)]

Stack: [0x00007fa20df00000,0x00007fa20e000000],  sp=0x00007fa20dffcbe0,  free space=1010k
Native frames: (J=compiled Java code, j=interpreted, Vv=VM code, C=native code)
C  [libgtk-3.so.0+0x306ba6]  gtk_widget_realize+0x46
C  [libswt-pi3-gtk-4973r12.so+0x49e30]  Java_org_eclipse_swt_internal_gtk_GTK_gtk_1widget_1realize+0xc
j  org.eclipse.swt.widgets.Shell.createHandle(I)V+620
j  org.eclipse.swt.widgets.Widget.createWidget(I)V+2
j  org.eclipse.swt.widgets.Control.createWidget(I)V+22
j  org.eclipse.swt.widgets.Scrollable.createWidget(I)V+2
j  org.eclipse.swt.widgets.Decorations.createWidget(I)V+2
j  org.eclipse.swt.widgets.Shell.<init>(Lorg/eclipse/swt/widgets/Display;Lorg/eclipse/swt/widgets/Shell;IJZ)V+167
j  org.eclipse.swt.widgets.Shell.internal_new(Lorg/eclipse/swt/widgets/Display;J)Lorg/eclipse/swt/widgets/Shell;+10
j  org.eclipse.ui.internal.WorkbenchPlugin.getSplashShell(Lorg/eclipse/swt/widgets/Display;)Lorg/eclipse/swt/widgets/Shell;+64
j  org.jkiss.dbeaver.ui.app.standalone.ApplicationWorkbenchWindowAdvisor.runWithSplashHidden(Ljava/lang/Runnable;)V+3
j  org.jkiss.dbeaver.ui.app.standalone.ApplicationWorkbenchWindowAdvisor.showProductConfigDialog()V+22
j  org.jkiss.dbeaver.ui.app.standalone.ApplicationWorkbenchWindowAdvisor.preWindowOpen()V+9
j  org.eclipse.ui.internal.WorkbenchWindow.fireWindowOpening()V+4
j  org.eclipse.ui.internal.WorkbenchWindow.setup()V+419
j  java.lang.invoke.LambdaForm$DMH+0x0000000010089800.invokeVirtual(Ljava/lang/Object;Ljava/lang/Object;)V+10 java.base@25.0.3
j  java.lang.invoke.LambdaForm$MH+0x0000000010375c00.invoke(Ljava/lang/Object;Ljava/lang/Object;)Ljava/lang/Object;+31 java.base@25.0.3
J 1116 c1 jdk.internal.reflect.DirectMethodHandleAccessor.invoke(Ljava/lang/Object;[Ljava/lang/Object;)Ljava/lang/Object; java.base@25.0.3 (92 bytes) @ 0x00007fa1f4f5b22c [0x00007fa1f4f5a000+0x000000000000122c]
J 1115 c1 java.lang.reflect.Method.invoke(Ljava/lang/Object;[Ljava/lang/Object;)Ljava/lang/Object; java.base@25.0.3 (108 bytes) @ 0x00007fa1f4f56f24 [0x00007fa1f4f56980+0x00000000000005a4]
j  org.eclipse.e4.core.internal.di.MethodRequestor.execute()Ljava/lang/Object;+77
j  org.eclipse.e4.core.internal.di.InjectorImpl.processAnnotated(Lorg/eclipse/e4/core/internal/di/AnnotationLookup$AnnotationProxy;Ljava/lang/Object;Ljava/lang/Class;Lorg/eclipse/e4/core/di/suppliers/PrimaryObjectSupplier;Lorg/eclipse/e4/core/di/suppliers/PrimaryObjectSupplier;Ljava/util/List;)V+190
j  org.eclipse.e4.core.internal.di.InjectorImpl.internalInject(Ljava/lang/Object;Lorg/eclipse/e4/core/di/suppliers/PrimaryObjectSupplier;Lorg/eclipse/e4/core/di/suppliers/PrimaryObjectSupplier;)V+175
j  org.eclipse.e4.core.internal.di.InjectorImpl.inject(Ljava/lang/Object;Lorg/eclipse/e4/core/di/suppliers/PrimaryObjectSupplier;)V+4
j  org.eclipse.e4.core.contexts.ContextInjectionFactory.inject(Ljava/lang/Object;Lorg/eclipse/e4/core/contexts/IEclipseContext;)V+13
j  org.eclipse.ui.internal.Workbench.createWorkbenchWindow(Lorg/eclipse/core/runtime/IAdaptable;Lorg/eclipse/ui/IPerspectiveDescriptor;Lorg/eclipse/e4/ui/model/application/ui/basic/MWindow;Z)Lorg/eclipse/ui/IWorkbenchWindow;+180
j  org.eclipse.ui.internal.Workbench.getActiveWorkbenchWindow()Lorg/eclipse/ui/IWorkbenchWindow;+179
j  org.jkiss.dbeaver.ui.app.standalone.ApplicationWorkbenchAdvisor.resetPerspectiveIfNeeded()V+3
j  org.jkiss.dbeaver.ui.app.standalone.ApplicationWorkbenchAdvisor.postStartup()V+17
j  org.eclipse.ui.internal.Workbench.lambda$19()V+4
j  org.eclipse.ui.internal.Workbench$$Lambda+0x000000001063f0f0.run()V+4
j  org.eclipse.e4.ui.internal.workbench.swt.PartRenderingEngine$5.run()V+432
j  org.eclipse.core.databinding.observable.Realm.runWithDefault(Lorg/eclipse/core/databinding/observable/Realm;Ljava/lang/Runnable;)V+12
j  org.eclipse.e4.ui.internal.workbench.swt.PartRenderingEngine.run(Lorg/eclipse/e4/ui/model/application/MApplicationElement;Lorg/eclipse/e4/core/contexts/IEclipseContext;)Ljava/lang/Object;+57
j  org.eclipse.e4.ui.internal.workbench.E4Workbench.createAndRunUI(Lorg/eclipse/e4/ui/model/application/MApplicationElement;)V+20
j  org.eclipse.ui.internal.Workbench.lambda$3(Lorg/eclipse/swt/widgets/Display;Lorg/eclipse/ui/application/WorkbenchAdvisor;[I)V+352
j  org.eclipse.ui.internal.Workbench$$Lambda+0x00000000104bfba8.run()V+12
j  org.eclipse.core.databinding.observable.Realm.runWithDefault(Lorg/eclipse/core/databinding/observable/Realm;Ljava/lang/Runnable;)V+12
j  org.eclipse.ui.internal.Workbench.createAndRunWorkbench(Lorg/eclipse/swt/widgets/Display;Lorg/eclipse/ui/application/WorkbenchAdvisor;)I+16
j  org.eclipse.ui.PlatformUI.createAndRunWorkbench(Lorg/eclipse/swt/widgets/Display;Lorg/eclipse/ui/application/WorkbenchAdvisor;)I+2
j  org.jkiss.dbeaver.ui.app.standalone.DBeaverApplication.start(Lorg/eclipse/equinox/app/IApplicationContext;)Ljava/lang/Object;+772
j  org.eclipse.equinox.internal.app.EclipseAppHandle.run(Ljava/lang/Object;)Ljava/lang/Object;+138
j  org.eclipse.core.runtime.internal.adaptor.EclipseAppLauncher.runApplication(Ljava/lang/Object;)Ljava/lang/Object;+85
j  org.eclipse.core.runtime.internal.adaptor.EclipseAppLauncher.start(Ljava/lang/Object;)Ljava/lang/Object;+79
j  org.eclipse.core.runtime.adaptor.EclipseStarter.run(Ljava/lang/Object;)Ljava/lang/Object;+99
j  org.eclipse.core.runtime.adaptor.EclipseStarter.run([Ljava/lang/String;Ljava/lang/Runnable;)Ljava/lang/Object;+132
J 489 c1 java.lang.invoke.DirectMethodHandle$Holder.invokeStatic(Ljava/lang/Object;Ljava/lang/Object;Ljava/lang/Object;)Ljava/lang/Object; java.base@25.0.3 (15 bytes) @ 0x00007fa1f4e8aa14 [0x00007fa1f4e8a780+0x0000000000000294]
j  java.lang.invoke.LambdaForm$MH+0x0000000010146800.invoke(Ljava/lang/Object;Ljava/lang/Object;Ljava/lang/Object;Ljava/lang/Object;)Ljava/lang/Object;+54 java.base@25.0.3
j  java.lang.invoke.LambdaForm$MH+0x0000000010146c00.invokeExact_MT(Ljava/lang/Object;Ljava/lang/Object;Ljava/lang/Object;Ljava/lang/Object;Ljava/lang/Object;)Ljava/lang/Object;+22 java.base@25.0.3
j  jdk.internal.reflect.DirectMethodHandleAccessor.invokeImpl(Ljava/lang/Object;[Ljava/lang/Object;)Ljava/lang/Object;+72 java.base@25.0.3
j  jdk.internal.reflect.DirectMethodHandleAccessor.invoke(Ljava/lang/Object;[Ljava/lang/Object;)Ljava/lang/Object;+23 java.base@25.0.3
j  java.lang.reflect.Method.invoke(Ljava/lang/Object;[Ljava/lang/Object;)Ljava/lang/Object;+102 java.base@25.0.3
j  org.jkiss.dbeaver.launcher.DBeaverLauncher.invokeFramework([Ljava/lang/String;[Ljava/net/URL;)V+205
j  org.jkiss.dbeaver.launcher.DBeaverLauncher.basicRun([Ljava/lang/String;)V+481
j  org.jkiss.dbeaver.launcher.DBeaverLauncher.run([Ljava/lang/String;)I+57
j  org.jkiss.dbeaver.launcher.DBeaverLauncher.main([Ljava/lang/String;)V+10
v  ~StubRoutines::call_stub 0x00007fa1fc336fa6
V  [libjvm.so+0xa23840]  JavaCalls::call_helper(JavaValue*, methodHandle const&, JavaCallArguments*, JavaThread*)+0x2b0
V  [libjvm.so+0xaedd96]  jni_invoke_static(JNIEnv_*, JavaValue*, _jobject*, JNICallType, _jmethodID*, JNI_ArgumentPusher*, JavaThread*) [clone .constprop.1]+0x396
V  [libjvm.so+0xaf0c51]  jni_CallStaticVoidMethod+0x161
C  [libjli.so+0xa77a]  invokeStaticMainWithArgs+0x4a
C  [libjli.so+0xb800]  JavaMain+0xeb0
C  [libjli.so+0xed89]  ThreadJavaMain+0x9
C  [libc.so.6+0x72c19]  start_thread+0x399
Java frames: (J=compiled Java code, j=interpreted, Vv=VM code)
j  org.eclipse.swt.internal.gtk.GTK.gtk_widget_realize(J)V+0
j  org.eclipse.swt.widgets.Shell.createHandle(I)V+620
j  org.eclipse.swt.widgets.Widget.createWidget(I)V+2
j  org.eclipse.swt.widgets.Control.createWidget(I)V+22
j  org.eclipse.swt.widgets.Scrollable.createWidget(I)V+2
j  org.eclipse.swt.widgets.Decorations.createWidget(I)V+2
j  org.eclipse.swt.widgets.Shell.<init>(Lorg/eclipse/swt/widgets/Display;Lorg/eclipse/swt/widgets/Shell;IJZ)V+167
j  org.eclipse.swt.widgets.Shell.internal_new(Lorg/eclipse/swt/widgets/Display;J)Lorg/eclipse/swt/widgets/Shell;+10
j  org.eclipse.ui.internal.WorkbenchPlugin.getSplashShell(Lorg/eclipse/swt/widgets/Display;)Lorg/eclipse/swt/widgets/Shell;+64
j  org.jkiss.dbeaver.ui.app.standalone.ApplicationWorkbenchWindowAdvisor.runWithSplashHidden(Ljava/lang/Runnable;)V+3
j  org.jkiss.dbeaver.ui.app.standalone.ApplicationWorkbenchWindowAdvisor.showProductConfigDialog()V+22
j  org.jkiss.dbeaver.ui.app.standalone.ApplicationWorkbenchWindowAdvisor.preWindowOpen()V+9
j  org.eclipse.ui.internal.WorkbenchWindow.fireWindowOpening()V+4
j  org.eclipse.ui.internal.WorkbenchWindow.setup()V+419
j  java.lang.invoke.LambdaForm$DMH+0x0000000010089800.invokeVirtual(Ljava/lang/Object;Ljava/lang/Object;)V+10 java.base@25.0.3
j  java.lang.invoke.LambdaForm$MH+0x0000000010375c00.invoke(Ljava/lang/Object;Ljava/lang/Object;)Ljava/lang/Object;+31 java.base@25.0.3
J 1116 c1 jdk.internal.reflect.DirectMethodHandleAccessor.invoke(Ljava/lang/Object;[Ljava/lang/Object;)Ljava/lang/Object; java.base@25.0.3 (92 bytes) @ 0x00007fa1f4f5b22c [0x00007fa1f4f5a000+0x000000000000122c]
J 1115 c1 java.lang.reflect.Method.invoke(Ljava/lang/Object;[Ljava/lang/Object;)Ljava/lang/Object; java.base@25.0.3 (108 bytes) @ 0x00007fa1f4f56f24 [0x00007fa1f4f56980+0x00000000000005a4]
j  org.eclipse.e4.core.internal.di.MethodRequestor.execute()Ljava/lang/Object;+77
j  org.eclipse.e4.core.internal.di.InjectorImpl.processAnnotated(Lorg/eclipse/e4/core/internal/di/AnnotationLookup$AnnotationProxy;Ljava/lang/Object;Ljava/lang/Class;Lorg/eclipse/e4/core/di/suppliers/PrimaryObjectSupplier;Lorg/eclipse/e4/core/di/suppliers/PrimaryObjectSupplier;Ljava/util/List;)V+190
j  org.eclipse.e4.core.internal.di.InjectorImpl.internalInject(Ljava/lang/Object;Lorg/eclipse/e4/core/di/suppliers/PrimaryObjectSupplier;Lorg/eclipse/e4/core/di/suppliers/PrimaryObjectSupplier;)V+175
j  org.eclipse.e4.core.internal.di.InjectorImpl.inject(Ljava/lang/Object;Lorg/eclipse/e4/core/di/suppliers/PrimaryObjectSupplier;)V+4
j  org.eclipse.e4.core.contexts.ContextInjectionFactory.inject(Ljava/lang/Object;Lorg/eclipse/e4/core/contexts/IEclipseContext;)V+13
j  org.eclipse.ui.internal.Workbench.createWorkbenchWindow(Lorg/eclipse/core/runtime/IAdaptable;Lorg/eclipse/ui/IPerspectiveDescriptor;Lorg/eclipse/e4/ui/model/application/ui/basic/MWindow;Z)Lorg/eclipse/ui/IWorkbenchWindow;+180
j  org.eclipse.ui.internal.Workbench.getActiveWorkbenchWindow()Lorg/eclipse/ui/IWorkbenchWindow;+179
j  org.jkiss.dbeaver.ui.app.standalone.ApplicationWorkbenchAdvisor.resetPerspectiveIfNeeded()V+3
j  org.jkiss.dbeaver.ui.app.standalone.ApplicationWorkbenchAdvisor.postStartup()V+17
j  org.eclipse.ui.internal.Workbench.lambda$19()V+4
j  org.eclipse.ui.internal.Workbench$$Lambda+0x000000001063f0f0.run()V+4
j  org.eclipse.e4.ui.internal.workbench.swt.PartRenderingEngine$5.run()V+432
j  org.eclipse.core.databinding.observable.Realm.runWithDefault(Lorg/eclipse/core/databinding/observable/Realm;Ljava/lang/Runnable;)V+12
j  org.eclipse.e4.ui.internal.workbench.swt.PartRenderingEngine.run(Lorg/eclipse/e4/ui/model/application/MApplicationElement;Lorg/eclipse/e4/core/contexts/IEclipseContext;)Ljava/lang/Object;+57
j  org.eclipse.e4.ui.internal.workbench.E4Workbench.createAndRunUI(Lorg/eclipse/e4/ui/model/application/MApplicationElement;)V+20
j  org.eclipse.ui.internal.Workbench.lambda$3(Lorg/eclipse/swt/widgets/Display;Lorg/eclipse/ui/application/WorkbenchAdvisor;[I)V+352
j  org.eclipse.ui.internal.Workbench$$Lambda+0x00000000104bfba8.run()V+12
j  org.eclipse.core.databinding.observable.Realm.runWithDefault(Lorg/eclipse/core/databinding/observable/Realm;Ljava/lang/Runnable;)V+12
j  org.eclipse.ui.internal.Workbench.createAndRunWorkbench(Lorg/eclipse/swt/widgets/Display;Lorg/eclipse/ui/application/WorkbenchAdvisor;)I+16
j  org.eclipse.ui.PlatformUI.createAndRunWorkbench(Lorg/eclipse/swt/widgets/Display;Lorg/eclipse/ui/application/WorkbenchAdvisor;)I+2
j  org.jkiss.dbeaver.ui.app.standalone.DBeaverApplication.start(Lorg/eclipse/equinox/app/IApplicationContext;)Ljava/lang/Object;+772
j  org.eclipse.equinox.internal.app.EclipseAppHandle.run(Ljava/lang/Object;)Ljava/lang/Object;+138
j  org.eclipse.core.runtime.internal.adaptor.EclipseAppLauncher.runApplication(Ljava/lang/Object;)Ljava/lang/Object;+85
j  org.eclipse.core.runtime.internal.adaptor.EclipseAppLauncher.start(Ljava/lang/Object;)Ljava/lang/Object;+79
j  org.eclipse.core.runtime.adaptor.EclipseStarter.run(Ljava/lang/Object;)Ljava/lang/Object;+99
j  org.eclipse.core.runtime.adaptor.EclipseStarter.run([Ljava/lang/String;Ljava/lang/Runnable;)Ljava/lang/Object;+132
J 489 c1 java.lang.invoke.DirectMethodHandle$Holder.invokeStatic(Ljava/lang/Object;Ljava/lang/Object;Ljava/lang/Object;)Ljava/lang/Object; java.base@25.0.3 (15 bytes) @ 0x00007fa1f4e8aa14 [0x00007fa1f4e8a780+0x0000000000000294]
j  java.lang.invoke.LambdaForm$MH+0x0000000010146800.invoke(Ljava/lang/Object;Ljava/lang/Object;Ljava/lang/Object;Ljava/lang/Object;)Ljava/lang/Object;+54 java.base@25.0.3
j  java.lang.invoke.LambdaForm$MH+0x0000000010146c00.invokeExact_MT(Ljava/lang/Object;Ljava/lang/Object;Ljava/lang/Object;Ljava/lang/Object;Ljava/lang/Object;)Ljava/lang/Object;+22 java.base@25.0.3
j  jdk.internal.reflect.DirectMethodHandleAccessor.invokeImpl(Ljava/lang/Object;[Ljava/lang/Object;)Ljava/lang/Object;+72 java.base@25.0.3
j  jdk.internal.reflect.DirectMethodHandleAccessor.invoke(Ljava/lang/Object;[Ljava/lang/Object;)Ljava/lang/Object;+23 java.base@25.0.3
j  java.lang.reflect.Method.invoke(Ljava/lang/Object;[Ljava/lang/Object;)Ljava/lang/Object;+102 java.base@25.0.3
j  org.jkiss.dbeaver.launcher.DBeaverLauncher.invokeFramework([Ljava/lang/String;[Ljava/net/URL;)V+205
j  org.jkiss.dbeaver.launcher.DBeaverLauncher.basicRun([Ljava/lang/String;)V+481
j  org.jkiss.dbeaver.launcher.DBeaverLauncher.run([Ljava/lang/String;)I+57
j  org.jkiss.dbeaver.launcher.DBeaverLauncher.main([Ljava/lang/String;)V+10
v  ~StubRoutines::call_stub 0x00007fa1fc336fa6

siginfo: si_signo: 11 (SIGSEGV), si_code: 128 (SI_KERNEL), si_addr: 0x0000000000000000

Registers:
RAX=0x00007fa2084a2280, RBX=0x00007fa208625da0, RCX=0x00000000000000f2, RDX=0x0000000000000000
RSP=0x00007fa20dffcbe0, RBP=0x00007fa20dffcc70, RSI=0x00007fa2084a2280, RDI=0x00007fa208625da0
R8 =0x0000000000000030, R9 =0x00007fa208892d90, R10=0x00007fa1fc342f9e, R11=0x00000000c0c2f1b8
R12=0x000f000e00010400, R13=0x00007fa1d18256e0, R14=0x00007fa20dffcd18, R15=0x00007fa20802e010
RIP=0x00007fa1c1706ba6, EFLAGS=0x0000000000010206, CSGSFS=0x002b000000000033, ERR=0x0000000000000000
  TRAPNO=0x000000000000000d

XMM[0]=0x0000000000000000 0x0000000000000000
XMM[1]=0x0000000000000000 0x00007fa20dffcb20
XMM[2]=0xffffffffffffffff 0xff00000000000000
XMM[3]=0x0000000000000000 0x0000000000000000
XMM[4]=0x0000000000000000 0x0000000000000000
XMM[5]=0x0000000000000000 0x0000000000000000
XMM[6]=0x00007fa208dbf4b0 0x00007fa208dba080
XMM[7]=0x0000000000000000 0x3fb1eb851eb851ec
XMM[8]=0x2f676e616c2f6176 0x616a120001120010
XMM[9]=0x0000000000000000 0x262825ab33196936
XMM[10]=0x0000000000000000 0x000000000cf1438b
XMM[11]=0x0000000000000000 0xf73533c52a4e9cfb
XMM[12]=0x0000000000000000 0x0000000033196936
XMM[13]=0x0000000000000000 0x00000000733e1653
XMM[14]=0x0000000000000000 0xa8c24779fb3e2a5a
XMM[15]=0x0000000000000000 0x0000000000000000
  MXCSR=0x00001fa2


Register to memory mapping:

RAX=0x00007fa2084a2280 points into unknown readable memory: 0x0000000000000000 | 00 00 00 00 00 00 00 00
RBX=0x00007fa208625da0 points into unknown readable memory: 0x000f000e00010400 | 00 04 01 00 0e 00 0f 00
RCX=0x00000000000000f2 is an unknown value
RDX=0x0 is null
RSP=0x00007fa20dffcbe0 is pointing into the stack for thread: 0x00007fa20802e010
RBP=0x00007fa20dffcc70 is pointing into the stack for thread: 0x00007fa20802e010
RSI=0x00007fa2084a2280 points into unknown readable memory: 0x0000000000000000 | 00 00 00 00 00 00 00 00
RDI=0x00007fa208625da0 points into unknown readable memory: 0x000f000e00010400 | 00 04 01 00 0e 00 0f 00
R8 =0x0000000000000030 is an unknown value
R9 =0x00007fa208892d90 points into unknown readable memory: 0x00007fa2087b83c0 | c0 83 7b 08 a2 7f 00 00
R10=0x00007fa1fc342f9e is at code_begin+1150 in an Interpreter codelet
native method entry point (kind = native)  [0x00007fa1fc342b20, 0x00007fa1fc343658]  2872 bytes
R11=0x00000000c0c2f1b8 is an oop: java.lang.Class 
{0x00000000c0c2f1b8} - klass: 'java/lang/Class' - flags: 

 - ---- fields (total size 93 words):
 - private volatile transient 'classRedefinedCount' 'I' @12  0 (0x00000000)
 - injected 'klass' 'J' @16  271665216 (0x0000000010314840)
 - injected 'array_klass' 'J' @24  0 (0x0000000000000000)
 - injected 'oop_size' 'I' @32  93 (0x0000005d)
 - injected 'static_oop_field_count' 'I' @36  23 (0x00000017)
 - private final transient 'modifiers' 'C' @40    1 (0x0001)
 - private final transient 'primitive' 'Z' @42  false (0x00)
 - private volatile transient 'cachedConstructor' 'Ljava/lang/reflect/Constructor;' @44  null (0x00000000)
 - private transient 'name' 'Ljava/lang/String;' @48  "org.eclipse.swt.internal.gtk.GTK"{0x00000000c0c2f7d0} (0xc0c2f7d0)
 - private transient 'module' 'Ljava/lang/Module;' @52  a 'java/lang/Module'{0x00000000c0c2ea40} (0xc0c2ea40)
 - private final 'classLoader' 'Ljava/lang/ClassLoader;' @56  a 'org/eclipse/osgi/internal/loader/EquinoxClassLoader'{0x00000000c0c2e9d0} (0xc0c2e9d0)
 - private transient 'classData' 'Ljava/lang/Object;' @60  null (0x00000000)
 - private transient 'signers' '[Ljava/lang/Object;' @64  null (0x00000000)
 - private transient 'packageName' 'Ljava/lang/String;' @68  "org.eclipse.swt.internal.gtk"{0x00000000c0c2f818} (0xc0c2f818)
 - private final transient 'componentType' 'Ljava/lang/Class;' @72  null (0x00000000)
 - private final transient 'protectionDomain' 'Ljava/security/ProtectionDomain;' @76  a 'org/eclipse/osgi/internal/loader/ModuleClassLoader$GenerationProtectionDomain'{0x00000000c0c2f090} (0xc0c2f090)
 - private volatile transient 'reflectionData' 'Ljava/lang/ref/SoftReference;' @80  null (0x00000000)
 - private volatile transient 'genericInfo' 'Lsun/reflect/generics/repository/ClassRepository;' @84  null (0x00000000)
 - private volatile transient 'enumConstants' '[Ljava/lang/Object;' @88  null (0x00000000)
 - private volatile transient 'enumConstantDirectory' 'Ljava/util/Map;' @92  null (0x00000000)
 - private volatile transient 'annotationData' 'Ljava/lang/Class$AnnotationData;' @96  null (0x00000000)
 - private volatile transient 'annotationType' 'Lsun/reflect/annotation/AnnotationType;' @100  null (0x00000000)
 - transient 'classValueMap' 'Ljava/lang/ClassValue$ClassValueMap;' @104  null (0x00000000)
 - injected 'source_file' 'Ljava/lang/Object;' @108  null (0x00000000)
 - injected '<init_lock>' 'Ljava/lang/Object;' @112  null (0x00000000)
 - signature: Lorg/eclipse/swt/internal/gtk/GTK;
 - ---- static fields (23):
 - public static final 'GTK_VERSION' 'I' @212  202804 (0x00031834)
 - public static final 'GTK4' 'Z' @740  false (0x00)
 - public static final 'GTK_ACCEL_VISIBLE' 'I' @216  1 (0x00000001)
 - public static final 'GTK_ALIGN_FILL' 'I' @220  0 (0x00000000)
 - public static final 'GTK_ALIGN_START' 'I' @224  1 (0x00000001)
 - public static final 'GTK_ALIGN_END' 'I' @228  2 (0x00000002)
 - public static final 'GTK_ALIGN_CENTER' 'I' @232  3 (0x00000003)
 - public static final 'GTK_ALIGN_BASELINE' 'I' @236  4 (0x00000004)
 - public static final 'GTK_CALENDAR_SHOW_HEADING' 'I' @240  1 (0x00000001)
 - public static final 'GTK_CALENDAR_SHOW_DAY_NAMES' 'I' @244  2 (0x00000002)
 - public static final 'GTK_CALENDAR_NO_MONTH_CHANGE' 'I' @248  4 (0x00000004)
 - public static final 'GTK_CALENDAR_SHOW_WEEK_NUMBERS' 'I' @252  8 (0x00000008)
 - public static final 'GTK_CALENDAR_WEEK_START_MONDAY' 'I' @256  16 (0x00000010)
 - public static final 'GTK_CELL_RENDERER_MODE_ACTIVATABLE' 'I' @260  1 (0x00000001)
 - public static final 'GTK_CELL_RENDERER_SELECTED' 'I' @264  1 (0x00000001)
 - public static final 'GTK_CELL_RENDERER_FOCUSED' 'I' @268  16 (0x00000010)
 - public static final 'GTK_DIALOG_DESTROY_WITH_PARENT' 'I' @272  2 (0x00000002)
 - public static final 'GTK_DIALOG_MODAL' 'I' @276  1 (0x00000001)
 - public static final 'GTK_DIR_TAB_FORWARD' 'I' @280  0 (0x00000000)
 - public static final 'GTK_DIR_TAB_BACKWARD' 'I' @284  1 (0x00000001)
 - public static final 'GTK_ENTRY_ICON_PRIMARY' 'I' @288  0 (0x00000000)
 - public static final 'GTK_ENTRY_ICON_SECONDARY' 'I' @292  1 (0x00000001)
 - public static final 'GTK_FILE_CHOOSER_ACTION_OPEN' 'I' @296  0 (0x00000000)
 - public static final 'GTK_FILE_CHOOSER_ACTION_SAVE' 'I' @300  1 (0x00000001)
 - public static final 'GTK_FILE_CHOOSER_ACTION_SELECT_FOLDER' 'I' @304  2 (0x00000002)
 - public static final 'GTK_ICON_SIZE_MENU' 'I' @308  1 (0x00000001)
 - public static final 'GTK_ICON_SIZE_SMALL_TOOLBAR' 'I' @312  2 (0x00000002)
 - public static final 'GTK_ICON_SIZE_DIALOG' 'I' @316  6 (0x00000006)
 - public static final 'GTK_ICON_LOOKUP_FORCE_SIZE' 'I' @320  4 (0x00000004)
 - public static final 'GTK_ICON_LOOKUP_FORCE_REGULAR' 'I' @324  32 (0x00000020)
 - public static final 'GTK_JUSTIFY_CENTER' 'I' @328  2 (0x00000002)
 - public static final 'GTK_JUSTIFY_LEFT' 'I' @332  0 (0x00000000)
 - public static final 'GTK_JUSTIFY_RIGHT' 'I' @336  1 (0x00000001)
 - public static final 'GTK_MESSAGE_INFO' 'I' @340  0 (0x00000000)
 - public static final 'GTK_MESSAGE_WARNING' 'I' @344  1 (0x00000001)
 - public static final 'GTK_MESSAGE_QUESTION' 'I' @348  2 (0x00000002)
 - public static final 'GTK_MESSAGE_ERROR' 'I' @352  3 (0x00000003)
 - public static final 'GTK_MOVEMENT_VISUAL_POSITIONS' 'I' @356  1 (0x00000001)
 - public static final 'GTK_ORIENTATION_HORIZONTAL' 'I' @360  0 (0x00000000)
 - public static final 'GTK_ORIENTATION_VERTICAL' 'I' @364  1 (0x00000001)
 - public static final 'GTK_PACK_END' 'I' @368  1 (0x00000001)
 - public static final 'GTK_PACK_START' 'I' @372  0 (0x00000000)
 - public static final 'GTK_PAGE_ORIENTATION_PORTRAIT' 'I' @376  0 (0x00000000)
 - public static final 'GTK_PAGE_ORIENTATION_LANDSCAPE' 'I' @380  1 (0x00000001)
 - public static final 'GTK_POLICY_ALWAYS' 'I' @384  0 (0x00000000)
 - public static final 'GTK_POLICY_AUTOMATIC' 'I' @388  1 (0x00000001)
 - public static final 'GTK_POLICY_NEVER' 'I' @392  2 (0x00000002)
 - public static final 'GTK_POLICY_EXTERNAL' 'I' @396  3 (0x00000003)
 - public static final 'GTK_POS_TOP' 'I' @400  2 (0x00000002)
 - public static final 'GTK_POS_BOTTOM' 'I' @404  3 (0x00000003)
 - public static final 'GTK_PRINT_CAPABILITY_PAGE_SET' 'I' @408  1 (0x00000001)
 - public static final 'GTK_PRINT_CAPABILITY_COPIES' 'I' @412  2 (0x00000002)
 - public static final 'GTK_PRINT_CAPABILITY_COLLATE' 'I' @416  4 (0x00000004)
 - public static final 'GTK_PRINT_PAGES_ALL' 'I' @420  0 (0x00000000)
 - public static final 'GTK_PRINT_PAGES_CURRENT' 'I' @424  1 (0x00000001)
 - public static final 'GTK_PRINT_PAGES_RANGES' 'I' @428  2 (0x00000002)
 - public static final 'GTK_PRINT_PAGES_SELECTION' 'I' @432  3 (0x00000003)
 - public static final 'GTK_PRINT_DUPLEX_SIMPLEX' 'I' @436  0 (0x00000000)
 - public static final 'GTK_PRINT_DUPLEX_HORIZONTAL' 'I' @440  1 (0x00000001)
 - public static final 'GTK_PRINT_DUPLEX_VERTICAL' 'I' @444  2 (0x00000002)
 - public static final 'GTK_EVENT_CONTROLLER_SCROLL_BOTH_AXES' 'I' @448  5 (0x00000005)
 - public static final 'GTK_PHASE_CAPTURE' 'I' @452  1 (0x00000001)
 - public static final 'GTK_PHASE_BUBBLE' 'I' @456  2 (0x00000002)
 - public static final 'GTK_PHASE_TARGET' 'I' @460  3 (0x00000003)
 - public static final 'GTK_PROGRESS_LEFT_TO_RIGHT' 'I' @464  0 (0x00000000)
 - public static final 'GTK_PROGRESS_BOTTOM_TO_TOP' 'I' @468  2 (0x00000002)
 - public static final 'GTK_RESPONSE_CANCEL' 'I' @472  -6 (0xfffffffa)
 - public static final 'GTK_RESPONSE_OK' 'I' @476  -5 (0xfffffffb)
 - public static final 'GTK_RESPONSE_ACCEPT' 'I' @480  -3 (0xfffffffd)
 - public static final 'GTK_SCROLL_NONE' 'I' @484  0 (0x00000000)
 - public static final 'GTK_SCROLL_JUMP' 'I' @488  1 (0x00000001)
 - public static final 'GTK_SCROLL_STEP_BACKWARD' 'I' @492  2 (0x00000002)
 - public static final 'GTK_SCROLL_STEP_FORWARD' 'I' @496  3 (0x00000003)
 - public static final 'GTK_SCROLL_PAGE_BACKWARD' 'I' @500  4 (0x00000004)
 - public static final 'GTK_SCROLL_PAGE_FORWARD' 'I' @504  5 (0x00000005)
 - public static final 'GTK_SCROLL_STEP_UP' 'I' @508  6 (0x00000006)
 - public static final 'GTK_SCROLL_STEP_DOWN' 'I' @512  7 (0x00000007)
 - public static final 'GTK_SCROLL_PAGE_UP' 'I' @516  8 (0x00000008)
 - public static final 'GTK_SCROLL_PAGE_DOWN' 'I' @520  9 (0x00000009)
 - public static final 'GTK_SCROLL_STEP_LEFT' 'I' @524  10 (0x0000000a)
 - public static final 'GTK_SCROLL_STEP_RIGHT' 'I' @528  11 (0x0000000b)
 - public static final 'GTK_SCROLL_PAGE_LEFT' 'I' @532  12 (0x0000000c)
 - public static final 'GTK_SCROLL_PAGE_RIGHT' 'I' @536  13 (0x0000000d)
 - public static final 'GTK_SCROLL_START' 'I' @540  14 (0x0000000e)
 - public static final 'GTK_SCROLL_END' 'I' @544  15 (0x0000000f)
 - public static final 'GTK_SELECTION_BROWSE' 'I' @548  2 (0x00000002)
 - public static final 'GTK_SELECTION_MULTIPLE' 'I' @552  3 (0x00000003)
 - public static final 'GTK_SHADOW_ETCHED_IN' 'I' @556  3 (0x00000003)
 - public static final 'GTK_SHADOW_ETCHED_OUT' 'I' @560  4 (0x00000004)
 - public static final 'GTK_SHADOW_IN' 'I' @564  1 (0x00000001)
 - public static final 'GTK_SHADOW_NONE' 'I' @568  0 (0x00000000)
 - public static final 'GTK_SHADOW_OUT' 'I' @572  2 (0x00000002)
 - public static final 'GTK_STATE_FLAG_NORMAL' 'I' @576  0 (0x00000000)
 - public static final 'GTK_STATE_FLAG_ACTIVE' 'I' @580  1 (0x00000001)
 - public static final 'GTK_STATE_FLAG_PRELIGHT' 'I' @584  2 (0x00000002)
 - public static final 'GTK_STATE_FLAG_SELECTED' 'I' @588  4 (0x00000004)
 - public static final 'GTK_STATE_FLAG_INSENSITIVE' 'I' @592  8 (0x00000008)
 - public static final 'GTK_STATE_FLAG_INCONSISTENT' 'I' @596  16 (0x00000010)
 - public static final 'GTK_STATE_FLAG_FOCUSED' 'I' @600  32 (0x00000020)
 - public static final 'GTK_STATE_FLAG_BACKDROP' 'I' @604  64 (0x00000040)
 - public static final 'GTK_STATE_FLAG_LINK' 'I' @608  512 (0x00000200)
 - public static final 'GTK_TEXT_DIR_NONE' 'I' @612  0 (0x00000000)
 - public static final 'GTK_TEXT_DIR_LTR' 'I' @616  1 (0x00000001)
 - public static final 'GTK_TEXT_DIR_RTL' 'I' @620  2 (0x00000002)
 - public static final 'GTK_TEXT_WINDOW_TEXT' 'I' @624  2 (0x00000002)
 - public static final 'GTK_TOOLBAR_ICONS' 'I' @628  0 (0x00000000)
 - public static final 'GTK_TOOLBAR_TEXT' 'I' @632  1 (0x00000001)
 - public static final 'GTK_TOOLBAR_BOTH' 'I' @636  2 (0x00000002)
 - public static final 'GTK_TOOLBAR_BOTH_HORIZ' 'I' @640  3 (0x00000003)
 - public static final 'GTK_TREE_VIEW_COLUMN_GROW_ONLY' 'I' @644  0 (0x00000000)
 - public static final 'GTK_TREE_VIEW_COLUMN_AUTOSIZE' 'I' @648  1 (0x00000001)
 - public static final 'GTK_TREE_VIEW_COLUMN_FIXED' 'I' @652  2 (0x00000002)
 - public static final 'GTK_TREE_VIEW_DROP_BEFORE' 'I' @656  0 (0x00000000)
 - public static final 'GTK_TREE_VIEW_DROP_AFTER' 'I' @660  1 (0x00000001)
 - public static final 'GTK_TREE_VIEW_DROP_INTO_OR_BEFORE' 'I' @664  2 (0x00000002)
 - public static final 'GTK_TREE_VIEW_DROP_INTO_OR_AFTER' 'I' @668  3 (0x00000003)
 - public static final 'GTK_TREE_VIEW_GRID_LINES_NONE' 'I' @672  0 (0x00000000)
 - public static final 'GTK_TREE_VIEW_GRID_LINES_HORIZONTAL' 'I' @676  1 (0x00000001)
 - public static final 'GTK_TREE_VIEW_GRID_LINES_VERTICAL' 'I' @680  2 (0x00000002)
 - public static final 'GTK_TREE_VIEW_GRID_LINES_BOTH' 'I' @684  3 (0x00000003)
 - public static final 'GTK_STYLE_PROVIDER_PRIORITY_APPLICATION' 'I' @688  600 (0x00000258)
 - public static final 'GTK_STYLE_PROVIDER_PRIORITY_USER' 'I' @692  800 (0x00000320)
 - public static final 'GTK_UNIT_PIXEL' 'I' @696  0 (0x00000000)
 - public static final 'GTK_UNIT_POINTS' 'I' @700  1 (0x00000001)
 - public static final 'GTK_UNIT_INCH' 'I' @704  2 (0x00000002)
 - public static final 'GTK_UNIT_MM' 'I' @708  3 (0x00000003)
 - public static final 'GTK_WINDOW_POPUP' 'I' @712  1 (0x00000001)
 - public static final 'GTK_WINDOW_TOPLEVEL' 'I' @716  0 (0x00000000)
 - public static final 'GTK_WRAP_NONE' 'I' @720  0 (0x00000000)
 - public static final 'GTK_WRAP_WORD' 'I' @724  2 (0x00000002)
 - public static final 'GTK_WRAP_WORD_CHAR' 'I' @728  3 (0x00000003)
 - public static final 'GTK_SHORTCUT_SCOPE_GLOBAL' 'I' @732  2 (0x00000002)
 - public static final 'GTK_INPUT_HINT_NO_EMOJI' 'I' @736  1024 (0x00000400)
 - public static final 'GTK_STYLE_CLASS_VIEW' '[B' @120  [B{0x00000000c0c2f7b8} (0xc0c2f7b8)
 - public static final 'GTK_STYLE_CLASS_CELL' '[B' @124  [B{0x00000000c0c2f7a0} (0xc0c2f7a0)
 - public static final 'GTK_STYLE_CLASS_PANE_SEPARATOR' '[B' @128  [B{0x00000000c0c2f780} (0xc0c2f780)
 - public static final 'GTK_STYLE_CLASS_SUGGESTED_ACTION' '[B' @132  [B{0x00000000c0c2f758} (0xc0c2f758)
 - public static final 'GTK_STYLE_CLASS_FRAME' '[B' @136  [B{0x00000000c0c2f740} (0xc0c2f740)
 - public static final 'gtk_alternative_button_order' '[B' @140  [B{0x00000000c0c2f710} (0xc0c2f710)
 - public static final 'gtk_cursor_blink' '[B' @144  [B{0x00000000c0c2f6e8} (0xc0c2f6e8)
 - public static final 'gtk_cursor_blink_time' '[B' @148  [B{0x00000000c0c2f6c0} (0xc0c2f6c0)
 - public static final 'gtk_double_click_time' '[B' @152  [B{0x00000000c0c2f698} (0xc0c2f698)
 - public static final 'gtk_entry_select_on_focus' '[B' @156  [B{0x00000000c0c2f668} (0xc0c2f668)
 - public static final 'gtk_style_property_font' '[B' @160  [B{0x00000000c0c2f650} (0xc0c2f650)
 - public static final 'gtk_menu_bar_accel' '[B' @164  [B{0x00000000c0c2f628} (0xc0c2f628)
 - public static final 'gtk_theme_name' '[B' @168  [B{0x00000000c0c2f608} (0xc0c2f608)
 - public static final 'gtk_im_module' '[B' @172  [B{0x00000000c0c2f5e8} (0xc0c2f5e8)
 - public static final 'GTK_PRINT_SETTINGS_OUTPUT_URI' '[B' @176  [B{0x00000000c0c2f5c8} (0xc0c2f5c8)
 - public static final 'gtk_application_prefer_dark_theme' '[B' @180  [B{0x00000000c0c2f590} (0xc0c2f590)
 - public static final 'GTK_NAMED_ICON_GO_UP' '[B' @184  [B{0x00000000c0c2f570} (0xc0c2f570)
 - public static final 'GTK_NAMED_ICON_GO_DOWN' '[B' @188  [B{0x00000000c0c2f548} (0xc0c2f548)
 - public static final 'GTK_NAMED_ICON_GO_NEXT' '[B' @192  [B{0x00000000c0c2f520} (0xc0c2f520)
 - public static final 'GTK_NAMED_ICON_GO_PREVIOUS' '[B' @196  [B{0x00000000c0c2f4f8} (0xc0c2f4f8)
 - public static final 'GTK_NAMED_ICON_PAN_DOWN' '[B' @200  [B{0x00000000c0c2f4d0} (0xc0c2f4d0)
 - public static final 'GTK_NAMED_LABEL_OK' '[B' @204  [B{0x00000000c0c2f4b8} (0xc0c2f4b8)
 - public static final 'GTK_NAMED_LABEL_CANCEL' '[B' @208  [B{0x00000000c0c2f4a0} (0xc0c2f4a0)
R12=0x000f000e00010400 is an unknown value
R13={method} {0x00007fa1d18256e0} 'gtk_widget_realize' '(J)V' in 'org/eclipse/swt/internal/gtk/GTK'
R14=0x00007fa20dffcd18 is pointing into the stack for thread: 0x00007fa20802e010
R15=0x00007fa20802e010 is a thread

Top of Stack: (sp=0x00007fa20dffcbe0)
0x00007fa20dffcbe0:   0000000000000000 000000000000000b   ................
0x00007fa20dffcbf0:   00007fa1d180bf78 0000000000000008   x...............
0x00007fa20dffcc00:   00007fa1f4cb9c00 0000000000000020   ........ .......
0x00007fa20dffcc10:   0000000000000000 00007fa20dffcc40   ........@.......
0x00007fa20dffcc20:   00007fa20dffccc8 00007fa1fc33e426   ........&.3.....
0x00007fa20dffcc30:   00000000c19419a0 00007fa1fc3403d7   ..........4.....
0x00007fa20dffcc40:   0000000000000001 9513990811478000   ..........G.....
0x00007fa20dffcc50:   0000000000000001 00007fa1d18256e0   .........V......
0x00007fa20dffcc60:   0000000000000000 00007fa1d18256e0   .........V......
0x00007fa20dffcc70:   00007fa20dffccf0 00007fa14e281e30   ........0.(N....
0x00007fa20dffcc80:   fffffffffffffff7 00007fa1fc342f05   ........./4.....
0x00007fa20dffcc90:   00007fa208892d90 0000000000000000   .-..............
0x00007fa20dffcca0:   0000000000000000 fffffffffffffff7   ................
0x00007fa20dffccb0:   0000000000000000 0000000000000005   ................
0x00007fa20dffccc0:   00007fa1d180bf78 0000000000000000   x...............
0x00007fa20dffccd0:   00000000c0c2f1b8 00007fa1d18256e0   .........V......
0x00007fa20dffcce0:   0000000000000000 00007fa20dffcd10   ................
0x00007fa20dffccf0:   00007fa20dffcd68 00007fa1fc33e426   h.......&.3.....
0x00007fa20dffcd00:   00000000c0c2f1b8 00007fa1fc3403d7   ..........4.....
0x00007fa20dffcd10:   00007fa208625da0 0000000000000000   .]b.............
0x00007fa20dffcd20:   fffffffffffffff7 00007fa1d16997cc   ..........i.....
0x00007fa20dffcd30:   0000000000000009 00007fa1d226f100   ..........&.....
0x00007fa20dffcd40:   0000000000000000 00000000c0c34a30   ........0J......
0x00007fa20dffcd50:   00007fa1d1699880 fffffffffffffff5   ..i.............
0x00007fa20dffcd60:   00007fa20dffcda8 00007fa20dffce00   ................
0x00007fa20dffcd70:   00007fa1fc33e426 0000000000000000   &.3.............
0x00007fa20dffcd80:   0000000000000000 0000000000000000   ................
0x00007fa20dffcd90:   0000000000000000 0000000000000000   ................
0x00007fa20dffcda0:   0000000000000000 0000000000000000   ................
0x00007fa20dffcdb0:   00000000c606b510 fffffffffffffff7   ................
0x00007fa20dffcdc0:   00007fa1d1678812 0000000000000003   ..g.............
0x00007fa20dffcdd0:   00007fa1d2263568 0000000000000000   h5&.............

Instructions: (pc=0x00007fa1c1706ba6)
  0x00007fa1c1706aa6:   73 1c 85 f6 75 7f 48 8b 7b 48 80 63 06 f7 48 85
  0x00007fa1c1706ab6:   ff 0f 84 96 00 00 00 48 83 c4 08 31 f6 5b 41 5c
  0x00007fa1c1706ac6:   41 5e 5d e9 82 12 f5 ff 66 90 49 8b 44 24 20 8b
  0x00007fa1c1706ad6:   70 10 85 f6 74 bd 48 8b 78 08 e8 0b 6b d0 ff 49
  0x00007fa1c1706ae6:   8b 44 24 20 c7 40 10 00 00 00 00 49 8b 44 24 20
  0x00007fa1c1706af6:   48 c7 40 08 00 00 00 00 4c 8b 63 40 49 83 7c 24
  0x00007fa1c1706b06:   18 00 75 9b 4c 89 e7 e8 6e 97 db ff 4c 89 e7 48
  0x00007fa1c1706b16:   be 00 00 00 00 08 00 00 00 e8 fc 8c db ff 8b 73
  0x00007fa1c1706b26:   1c 85 f6 74 81 4c 89 f7 e8 bd 6a d0 ff c7 43 1c
  0x00007fa1c1706b36:   00 00 00 00 4c 89 f7 e8 8e 87 d0 ff 48 8b 7b 48
  0x00007fa1c1706b46:   80 63 06 f7 48 85 ff 0f 85 6a ff ff ff 48 83 c4
  0x00007fa1c1706b56:   08 5b 41 5c 41 5e 5d c3 66 90 f3 0f 1e fa 55 48
  0x00007fa1c1706b66:   89 e5 48 81 ec 90 00 00 00 64 48 8b 04 25 28 00
  0x00007fa1c1706b76:   00 00 48 89 45 d8 31 c0 48 85 ff 0f 84 85 01 00
  0x00007fa1c1706b86:   00 48 89 5d e8 48 89 fb 4c 89 65 f0 4c 89 6d f8
  0x00007fa1c1706b96:   e8 95 7d ff ff 4c 8b 23 48 89 c6 4d 85 e4 74 0a
=>0x00007fa1c1706ba6:   49 39 04 24 0f 84 90 01 00 00 48 89 df e8 18 85
  0x00007fa1c1706bb6:   d0 ff 85 c0 0f 84 40 01 00 00 4c 8b 6b 18 41 f6
  0x00007fa1c1706bc6:   45 02 02 75 26 e8 30 c3 e6 ff 4d 85 e4 74 09 49
  0x00007fa1c1706bd6:   8b 34 24 48 39 c6 74 13 48 89 c6 48 89 df e8 e7
  0x00007fa1c1706be6:   84 d0 ff 85 c0 0f 84 4f 02 00 00 41 0f b6 45 02
  0x00007fa1c1706bf6:   a8 10 0f 85 0a 02 00 00 49 8b bd d0 00 00 00 48
  0x00007fa1c1706c06:   85 ff 0f 84 c2 02 00 00 48 8b 47 18 f6 40 02 10
  0x00007fa1c1706c16:   0f 84 14 02 00 00 48 89 df e8 dc 83 07 00 8b 35
  0x00007fa1c1706c26:   2a 67 43 00 31 d2 31 c0 48 89 df e8 1a 53 d0 ff
  0x00007fa1c1706c36:   48 89 df e8 82 94 00 00 ba 01 00 00 00 48 89 df
  0x00007fa1c1706c46:   89 c6 e8 f3 8f 00 00 41 f6 45 04 40 0f 85 48 02
  0x00007fa1c1706c56:   00 00 48 89 df e8 10 7c 00 00 41 f6 45 04 20 0f
  0x00007fa1c1706c66:   85 15 02 00 00 8b 35 6b 91 43 00 48 89 df e8 57
  0x00007fa1c1706c76:   3c d0 ff 48 85 c0 0f 84 ee 00 00 00 48 89 c6 48
  0x00007fa1c1706c86:   8d 7d b0 e8 e2 5b d0 ff eb 23 48 89 7d 90 48 8d
  0x00007fa1c1706c96:   4d 90 48 c7 45 98 00 00 00 00 48 c7 45 a0 00 00


Stack slot to memory mapping:

stack at sp + 0 slots: 0x0 is null
stack at sp + 1 slots: 0x000000000000000b is an unknown value
stack at sp + 2 slots: 0x00007fa1d180bf78 is pointing into metadata
stack at sp + 3 slots: 0x0000000000000008 is an unknown value
stack at sp + 4 slots: 0x00007fa1f4cb9c00: <offset 0x000000000001dc00> in /lib64/libgobject-2.0.so.0 at 0x00007fa1f4c9c000
stack at sp + 5 slots: 0x0000000000000020 is an unknown value
stack at sp + 6 slots: 0x0 is null
stack at sp + 7 slots: 0x00007fa20dffcc40 is pointing into the stack for thread: 0x00007fa20802e010

Lock stack of current Java thread (top to bottom):


Compiled method (c1) 3344 1116   !   3       jdk.internal.reflect.DirectMethodHandleAccessor::invoke (92 bytes)
 total in heap  [0x00007fa1f4f59f08,0x00007fa1f4f5bd28] = 7712
 main code      [0x00007fa1f4f5a000,0x00007fa1f4f5bbd8] = 7128
 stub code      [0x00007fa1f4f5bbd8,0x00007fa1f4f5bd10] = 312
 oops           [0x00007fa1f4f5bd10,0x00007fa1f4f5bd28] = 24
 mutable data [0x00007fa1a862aaa0,0x00007fa1a862ada0] = 768
 relocation     [0x00007fa1a862aaa0,0x00007fa1a862ad40] = 672
 metadata       [0x00007fa1a862ad40,0x00007fa1a862ada0] = 96
 immutable data [0x00007fa1a8629b90,0x00007fa1a862aa90] = 3840
 dependencies   [0x00007fa1a8629b90,0x00007fa1a8629bb0] = 32
 nul chk table  [0x00007fa1a8629bb0,0x00007fa1a8629c48] = 152
 handler table  [0x00007fa1a8629c48,0x00007fa1a862a2d8] = 1680
 scopes pcs     [0x00007fa1a862a2d8,0x00007fa1a862a758] = 1152
 scopes data    [0x00007fa1a862a758,0x00007fa1a862aa90] = 824

[Constant Pool (empty)]

[MachCode]
[Instructions begin]
  0x00007fa1f4f5a000: 660f 1f84 | 0000 0000 | 0066 0f1f | 8400 0000 | 0000 448b | 5608 443b 

  0x00007fa1f4f5a018: ;   {runtime_call Shared Runtime ic_miss_blob}
  0x00007fa1f4f5a018: 5008 0f85 | c0a3 4207 
[Verified Entry Point]
  0x00007fa1f4f5a020: 8984 2400 | c0fe ff55 | 4881 ec20 | 0100 0090 | 4181 7f20 | 0700 0000 

  0x00007fa1f4f5a038: ;   {runtime_call Stub::method_entry_barrier}
  0x00007fa1f4f5a038: 7405 e8e1 | 1e41 0748 | 89b4 24a8 | 0000 0048 | 8994 24b8 

  0x00007fa1f4f5a04c: ;   {metadata(method data for {method} {0x00007fa1d0466f10} 'invoke' '(Ljava/lang/Object;[Ljava/lang/Object;)Ljava/lang/Object;' in 'jdk/internal/reflect/DirectMethodHandleAccessor')}
  0x00007fa1f4f5a04c: 0000 0048 | bf98 28bd | d0a1 7f00 | 008b 9f90 | 0000 0083 | c302 899f | 9000 0000 | 81e3 fe07 
  0x00007fa1f4f5a06c: 0000 85db | 0f84 4b17 | 0000 488b 

  0x00007fa1f4f5a078: ;   {metadata(method data for {method} {0x00007fa1d0466f10} 'invoke' '(Ljava/lang/Object;[Ljava/lang/Object;)Ljava/lang/Object;' in 'jdk/internal/reflect/DirectMethodHandleAccessor')}
  0x00007fa1f4f5a078: fe48 bb98 | 28bd d0a1 | 7f00 0048 | 8383 d800 

  0x00007fa1f4f5a088: ;   {metadata(method data for {method} {0x00007fa1d0467420} 'isStatic' '()Z' in 'jdk/internal/reflect/DirectMethodHandleAccessor')}
  0x00007fa1f4f5a088: 0000 0148 | bf90 2bbd | d0a1 7f00 | 008b 9f90 | 0000 0083 | c302 899f | 9000 0000 | 81e3 feff 
  0x00007fa1f4f5a0a8: 1f00 85db | 0f84 3017 | 0000 8b7e | 1081 e700 | 0200 0081 | ff00 0200 

  0x00007fa1f4f5a0c0: ;   {metadata(method data for {method} {0x00007fa1d0467420} 'isStatic' '()Z' in 'jdk/internal/reflect/DirectMethodHandleAccessor')}
  0x00007fa1f4f5a0c0: 0048 bf90 | 2bbd d0a1 | 7f00 00bb | d800 0000 | 7505 bbe8 | 0000 0048 | 8b04 1f48 | 8d40 0148 
  0x00007fa1f4f5a0e0: 8904 1f0f | 851a 0000 

  0x00007fa1f4f5a0e8: ;   {metadata(method data for {method} {0x00007fa1d0467420} 'isStatic' '()Z' in 'jdk/internal/reflect/DirectMethodHandleAccessor')}
  0x00007fa1f4f5a0e8: 0048 bf90 | 2bbd d0a1 | 7f00 00ff | 87f8 0000 | 00bf 0100 | 0000 e905 | 0000 00bf | 0000 0000 
  0x00007fa1f4f5a108: 83e7 0185 

  0x00007fa1f4f5a10c: ;   {metadata(method data for {method} {0x00007fa1d0466f10} 'invoke' '(Ljava/lang/Object;[Ljava/lang/Object;)Ljava/lang/Object;' in 'jdk/internal/reflect/DirectMethodHandleAccessor')}
  0x00007fa1f4f5a10c: ff48 bf98 | 28bd d0a1 | 7f00 00bb | 0801 0000 | 7505 bb18 | 0100 0048 | 8b04 1f48 | 8d40 0148 
  0x00007fa1f4f5a12c: 8904 1f48 | 898c 24b0 | 0000 000f | 8537 0000 | 0048 8bfe 

  0x00007fa1f4f5a140: ;   {metadata(method data for {method} {0x00007fa1d0466f10} 'invoke' '(Ljava/lang/Object;[Ljava/lang/Object;)Ljava/lang/Object;' in 'jdk/internal/reflect/DirectMethodHandleAccessor')}
  0x00007fa1f4f5a140: 48bb 9828 | bdd0 a17f | 0000 4883 | 8328 0100 | 0001 488b | fa48 8bd7 | 488b de48 

  0x00007fa1f4f5a15c: ;   {optimized virtual_call}
  0x00007fa1f4f5a15c: 8bf3 90e8 

  0x00007fa1f4f5a160: ; ImmutableOopMap {[168]=Oop [176]=Oop [184]=Oop }
                      ;*invokevirtual checkReceiver {reexecute=0 rethrow=0 return_oop=0}
                      ; - jdk.internal.reflect.DirectMethodHandleAccessor::invoke@9
  0x00007fa1f4f5a160: bc44 0000 

  0x00007fa1f4f5a164: ;   {post_call_nop}
  0x00007fa1f4f5a164: 0f1f 8400 | 5c02 0000 | 488b b424 | a800 0000 

  0x00007fa1f4f5a174: ;   {metadata(method data for {method} {0x00007fa1d0466f10} 'invoke' '(Ljava/lang/Object;[Ljava/lang/Object;)Ljava/lang/Object;' in 'jdk/internal/reflect/DirectMethodHandleAccessor')}
  0x00007fa1f4f5a174: 8b56 0c48 | bf98 28bd | d0a1 7f00 | 0048 8387 | 5801 0000 | 0148 8bf2 | 488b 9424 | b000 0000 
  0x00007fa1f4f5a194: ;   {static_call}
  0x00007fa1f4f5a194: 6666 90e8 

  0x00007fa1f4f5a198: ; ImmutableOopMap {[168]=Oop [176]=Oop [184]=Oop }
                      ;*invokestatic checkArgumentCount {reexecute=0 rethrow=0 return_oop=0}
                      ; - jdk.internal.reflect.DirectMethodHandleAccessor::invoke@17
  0x00007fa1f4f5a198: 6431 0000 

  0x00007fa1f4f5a19c: ;   {post_call_nop}
  0x00007fa1f4f5a19c: 0f1f 8400 | 9402 0001 | 488b b424 | a800 0000 

  0x00007fa1f4f5a1ac: ;   {metadata(method data for {method} {0x00007fa1d0466f10} 'invoke' '(Ljava/lang/Object;[Ljava/lang/Object;)Ljava/lang/Object;' in 'jdk/internal/reflect/DirectMethodHandleAccessor')}
  0x00007fa1f4f5a1ac: 488b d648 | b998 28bd | d0a1 7f00 | 0048 8381 | 6801 0000 

  0x00007fa1f4f5a1c0: ;   {metadata(method data for {method} {0x00007fa1d04671e8} 'invokeImpl' '(Ljava/lang/Object;[Ljava/lang/Object;)Ljava/lang/Object;' in 'jdk/internal/reflect/DirectMethodHandleAccessor')}
  0x00007fa1f4f5a1c0: 0148 ba50 | 2fbd d0a1 | 7f00 008b | 8a90 0000 | 0083 c102 | 898a 9000 | 0000 81e1 | feff 1f00 
  0x00007fa1f4f5a1e0: 85c9 0f84 | 1b16 0000 

  0x00007fa1f4f5a1e8: ;   {metadata(method data for {method} {0x00007fa1d04671e8} 'invokeImpl' '(Ljava/lang/Object;[Ljava/lang/Object;)Ljava/lang/Object;' in 'jdk/internal/reflect/DirectMethodHandleAccessor')}
  0x00007fa1f4f5a1e8: 8b56 0c48 | b950 2fbd | d0a1 7f00 | 0041 b8e0 | 0000 0085 | d249 8bf8 | 41b8 f000 | 0000 4c0f 
  0x00007fa1f4f5a208: 45c7 83fa | 0149 8bf8 | 41b8 0001 | 0000 4c0f | 45c7 83fa | 0249 8bf8 | 41b8 1001 | 0000 4c0f 
  0x00007fa1f4f5a228: 45c7 83fa | 0349 8bf8 | 41b8 2001 | 0000 4c0f | 45c7 4a8b | 3c01 41ba | 0100 0000 | 4903 fa4a 
  0x00007fa1f4f5a248: 893c 0185 | d20f 847f | 0c00 0083 | fa01 0f84 | 7f0a 0000 | 83fa 020f | 8405 0400 | 0083 fa03 
  0x00007fa1f4f5a268: 0f84 db01 | 0000 488b | 8c24 b000 | 0000 488b | 9424 b800 | 0000 8b7e | 180f 1f80 | 0000 0000 
  0x00007fa1f4f5a288: ;   {other}
  0x00007fa1f4f5a288: e9a6 1500 | 0090 9090 | 9090 483b 

  0x00007fa1f4f5a294: ;   {metadata(method data for {method} {0x00007fa1d04671e8} 'invokeImpl' '(Ljava/lang/Object;[Ljava/lang/Object;)Ljava/lang/Object;' in 'jdk/internal/reflect/DirectMethodHandleAccessor')}
  0x00007fa1f4f5a294: 0748 bb50 | 2fbd d0a1 | 7f00 0048 | 8d9b 3803 | 0000 4885 | d275 0ef6 | 4308 0175 | 42f0 4883 
  0x00007fa1f4f5a2b4: 4b08 01eb | 3a8b 4208 | 4c8b d048 | 3343 0848 | a9fc ffff | ff74 28a8 | 0275 2448 | f743 08fe 
  0x00007fa1f4f5a2d4: ffff ff74 | 1649 8bc2 | 4833 4308 | 48a9 fcff | ffff 740b | 4883 4b08 | 02eb 0448 | 8943 0848 
  0x00007fa1f4f5a2f4: 85c9 750e | f643 1801 | 7542 f048 | 834b 1801 | eb3a 8b41 | 084c 8bd0 | 4833 4318 | 48a9 fcff 
  0x00007fa1f4f5a314: ffff 7428 | a802 7524 | 48f7 4318 | feff ffff | 7416 498b | c248 3343 | 1848 a9fc | ffff ff74 
  0x00007fa1f4f5a334: 0b48 834b | 1802 eb04 | 4889 4318 

  0x00007fa1f4f5a340: ;   {metadata(method data for {method} {0x00007fa1d04671e8} 'invokeImpl' '(Ljava/lang/Object;[Ljava/lang/Object;)Ljava/lang/Object;' in 'jdk/internal/reflect/DirectMethodHandleAccessor')}
  0x00007fa1f4f5a340: 488b df48 | b850 2fbd | d0a1 7f00 | 008b 5b08 | 483b 9810 | 0300 0075 | 0d48 8380 | 1803 0000 
  0x00007fa1f4f5a360: 01e9 6000 | 0000 483b | 9820 0300 | 0075 0d48 | 8380 2803 | 0000 01e9 | 4a00 0000 | 4883 b810 
  0x00007fa1f4f5a380: 0300 0000 | 7517 4889 | 9810 0300 | 0048 c780 | 1803 0000 | 0100 0000 | e929 0000 | 0048 83b8 
  0x00007fa1f4f5a3a0: 2003 0000 | 0075 1748 | 8998 2003 | 0000 48c7 | 8028 0300 | 0001 0000 | 00e9 0800 | 0000 4883 
  0x00007fa1f4f5a3c0: 8008 0300 | 0001 488b | f766 0f1f 

  0x00007fa1f4f5a3cc: ;   {optimized virtual_call}
  0x00007fa1f4f5a3cc: 4400 00e8 

  0x00007fa1f4f5a3d0: ; ImmutableOopMap {[168]=Oop }
                      ;*invokevirtual invokeExact {reexecute=0 rethrow=0 return_oop=0}
                      ; - jdk.internal.reflect.DirectMethodHandleAccessor::invokeImpl@104
                      ; - jdk.internal.reflect.DirectMethodHandleAccessor::invoke@23
  0x00007fa1f4f5a3d0: 0ca3 4207 

  0x00007fa1f4f5a3d4: ;   {post_call_nop}
  0x00007fa1f4f5a3d4: 0f1f 8400 | cc04 0002 

  0x00007fa1f4f5a3dc: ;   {metadata(method data for {method} {0x00007fa1d04671e8} 'invokeImpl' '(Ljava/lang/Object;[Ljava/lang/Object;)Ljava/lang/Object;' in 'jdk/internal/reflect/DirectMethodHandleAccessor')}
  0x00007fa1f4f5a3dc: 48ba 502f | bdd0 a17f | 0000 488d | 9258 0300 | 0048 85c0 | 750c f602 | 0175 3ff0 | 4883 0a01 
  0x00007fa1f4f5a3fc: eb38 8b48 | 084c 8bd1 | 4833 0a48 | f7c1 fcff | ffff 7426 | f6c1 0275 | 2148 f702 | feff ffff 
  0x00007fa1f4f5a41c: 7415 498b | ca48 330a | 48f7 c1fc | ffff ff74 | 0948 830a | 02eb 0348 | 890a 4881 | c420 0100 
  0x00007fa1f4f5a43c: ;   {poll_return}
  0x00007fa1f4f5a43c: 005d 493b | 6728 0f87 | fa13 0000 | c348 8b8c | 24b0 0000 | 0048 8b94 | 24b8 0000 | 008b 5e18 
  0x00007fa1f4f5a45c: ; implicit exception: dispatches to 0x00007fa1f4f5b858
  0x00007fa1f4f5a45c: 8379 0c00 | 0f86 fc13 | 0000 448b | 4110 8379 | 0c01 0f86 | 0014 0000 | 448b 4914 | 8379 0c02 
  0x00007fa1f4f5a47c: 0f86 0414 | 0000 8b79 | 1866 6690 

  0x00007fa1f4f5a488: ;   {oop(a 'java/lang/invoke/MethodType'{0x00000000c017b5e8} = (Ljava/lang/Object;Ljava/lang/Object;Ljava/lang/Object;Ljava/lang/Object;)Ljava/lang/Object;)}
  0x00007fa1f4f5a488: 48b8 e8b5 | 17c0 0000 | 0000 483b 

  0x00007fa1f4f5a494: ;   {metadata(method data for {method} {0x00007fa1d04671e8} 'invokeImpl' '(Ljava/lang/Object;[Ljava/lang/Object;)Ljava/lang/Object;' in 'jdk/internal/reflect/DirectMethodHandleAccessor')}
  0x00007fa1f4f5a494: 0348 b950 | 2fbd d0a1 | 7f00 0048 | 8d89 c002 | 0000 4885 | d275 0ef6 | 4108 0175 | 47f0 4883 
  0x00007fa1f4f5a4b4: 4908 01eb | 3f44 8b5a | 084d 8bd3 | 4c33 5908 | 49f7 c3fc | ffff ff74 | 2b41 f6c3 | 0275 2548 
  0x00007fa1f4f5a4d4: f741 08fe | ffff ff74 | 174d 8bda | 4c33 5908 | 49f7 c3fc | ffff ff74 | 0b48 8349 | 0802 eb04 
  0x00007fa1f4f5a4f4: 4c89 5908 | 4d85 c075 | 0ef6 4118 | 0175 47f0 | 4883 4918 | 01eb 3f45 | 8b58 084d | 8bd3 4c33 
  0x00007fa1f4f5a514: 5918 49f7 | c3fc ffff | ff74 2b41 | f6c3 0275 | 2548 f741 | 18fe ffff | ff74 174d | 8bda 4c33 
  0x00007fa1f4f5a534: 5918 49f7 | c3fc ffff | ff74 0b48 | 8349 1802 | eb04 4c89 | 5918 488b 

  0x00007fa1f4f5a54c: ;   {metadata(method data for {method} {0x00007fa1d04671e8} 'invokeImpl' '(Ljava/lang/Object;[Ljava/lang/Object;)Ljava/lang/Object;' in 'jdk/internal/reflect/DirectMethodHandleAccessor')}
  0x00007fa1f4f5a54c: cb49 bb50 | 2fbd d0a1 | 7f00 008b | 4908 493b | 8b98 0200 | 0075 0d49 | 8383 a002 | 0000 01e9 
  0x00007fa1f4f5a56c: 6000 0000 | 493b 8ba8 | 0200 0075 | 0d49 8383 | b002 0000 | 01e9 4a00 | 0000 4983 | bb98 0200 
  0x00007fa1f4f5a58c: 0000 7517 | 4989 8b98 | 0200 0049 | c783 a002 | 0000 0100 | 0000 e929 | 0000 0049 | 83bb a802 
  0x00007fa1f4f5a5ac: 0000 0075 | 1749 898b | a802 0000 | 49c7 83b0 | 0200 0001 | 0000 00e9 | 0800 0000 | 4983 8390 
  0x00007fa1f4f5a5cc: 0200 0001 | 498b c84d | 8bc1 4c8b | cf48 8bf8 

  0x00007fa1f4f5a5dc: ;   {optimized virtual_call}
  0x00007fa1f4f5a5dc: 488b f3e8 

  0x00007fa1f4f5a5e0: ; ImmutableOopMap {[168]=Oop }
                      ;*invokevirtual invokeExact {reexecute=0 rethrow=0 return_oop=0}
                      ; - jdk.internal.reflect.DirectMethodHandleAccessor::invokeImpl@92
                      ; - jdk.internal.reflect.DirectMethodHandleAccessor::invoke@23
  0x00007fa1f4f5a5e0: 0916 0000 

  0x00007fa1f4f5a5e4: ;   {post_call_nop}
  0x00007fa1f4f5a5e4: 0f1f 8400 | dc06 0003 

  0x00007fa1f4f5a5ec: ;   {metadata(method data for {method} {0x00007fa1d04671e8} 'invokeImpl' '(Ljava/lang/Object;[Ljava/lang/Object;)Ljava/lang/Object;' in 'jdk/internal/reflect/DirectMethodHandleAccessor')}
  0x00007fa1f4f5a5ec: 48be 502f | bdd0 a17f | 0000 488d | b6e0 0200 | 0048 85c0 | 750c f606 | 0175 40f0 | 4883 0e01 
  0x00007fa1f4f5a60c: eb39 8b78 | 084c 8bd7 | 4833 3e48 | f7c7 fcff | ffff 7427 | 40f6 c702 | 7521 48f7 | 06fe ffff 
  0x00007fa1f4f5a62c: ff74 1549 | 8bfa 4833 | 3e48 f7c7 | fcff ffff | 7409 4883 | 0e02 eb03 

  0x00007fa1f4f5a644: ;   {metadata(method data for {method} {0x00007fa1d04671e8} 'invokeImpl' '(Ljava/lang/Object;[Ljava/lang/Object;)Ljava/lang/Object;' in 'jdk/internal/reflect/DirectMethodHandleAccessor')}
  0x00007fa1f4f5a644: 4889 3e48 | be50 2fbd | d0a1 7f00 | 00ff 86f0 | 0200 0048 | 81c4 2001 

  0x00007fa1f4f5a65c: ;   {poll_return}
  0x00007fa1f4f5a65c: 0000 5d49 | 3b67 280f | 874d 1200 | 00c3 488b | 8c24 b000 | 0000 488b | 9424 b800 | 0000 8b7e 
  0x00007fa1f4f5a67c: 1848 89bc | 24c8 0000 | 0083 790c | 000f 8647 | 1200 008b | 5910 4889 | 9c24 c000 | 0000 8379 
  0x00007fa1f4f5a69c: 0c01 0f86 | 4412 0000 | 8b41 1448 | 8984 24d0 

  0x00007fa1f4f5a6ac: ;   {metadata(method data for {method} {0x00007fa1d04671e8} 'invokeImpl' '(Ljava/lang/Object;[Ljava/lang/Object;)Ljava/lang/Object;' in 'jdk/internal/reflect/DirectMethodHandleAccessor')}
  0x00007fa1f4f5a6ac: 0000 0048 | b950 2fbd | d0a1 7f00 | 0048 8d89 | 4802 0000 | 4885 d275 | 0ef6 4108 | 0175 47f0 
  0x00007fa1f4f5a6cc: 4883 4908 | 01eb 3f44 | 8b42 084d | 8bd0 4c33 | 4108 49f7 | c0fc ffff | ff74 2b41 | f6c0 0275 
  0x00007fa1f4f5a6ec: 2548 f741 | 08fe ffff | ff74 174d | 8bc2 4c33 | 4108 49f7 | c0fc ffff | ff74 0b48 | 8349 0802 
  0x00007fa1f4f5a70c: eb04 4c89 

  0x00007fa1f4f5a710: ;   {metadata(method data for {method} {0x00007fa1d0b19ab0} 'invokeExact_MT' '(Ljava/lang/Object;Ljava/lang/Object;Ljava/lang/Object;Ljava/lang/Object;Ljava/lang/Object;)Ljava/lang/Object;' in 'java/lang/invoke/LambdaForm$MH+0x0000000010146c00')}
  0x00007fa1f4f5a710: 4108 48b9 | 209d b1d0 | a17f 0000 | 488d 8970 | 0200 0048 | 85ff 750c | f601 0175 | 41f0 4883 
  0x00007fa1f4f5a730: 0901 eb3a | 448b 4708 | 4d8b d04c | 3301 49f7 | c0fc ffff | ff74 2741 | f6c0 0275 | 2148 f701 
  0x00007fa1f4f5a750: feff ffff | 7415 4d8b | c24c 3301 | 49f7 c0fc | ffff ff74 | 0948 8309 | 02eb 034c | 8901 4885 
  0x00007fa1f4f5a770: d275 0ef6 | 4110 0175 | 47f0 4883 | 4910 01eb | 3f44 8b42 | 084d 8bd0 | 4c33 4110 | 49f7 c0fc 
  0x00007fa1f4f5a790: ffff ff74 | 2b41 f6c0 | 0275 2548 | f741 10fe | ffff ff74 | 174d 8bc2 | 4c33 4110 | 49f7 c0fc 
  0x00007fa1f4f5a7b0: ffff ff74 | 0b48 8349 | 1002 eb04 | 4c89 4110 

  0x00007fa1f4f5a7c0: ;   {metadata(method data for {method} {0x00007fa1d04671e8} 'invokeImpl' '(Ljava/lang/Object;[Ljava/lang/Object;)Ljava/lang/Object;' in 'jdk/internal/reflect/DirectMethodHandleAccessor')}
  0x00007fa1f4f5a7c0: 48b9 502f | bdd0 a17f | 0000 4883 | 8118 0200 

  0x00007fa1f4f5a7d0: ;   {metadata(method data for {method} {0x00007fa1d0b19ab0} 'invokeExact_MT' '(Ljava/lang/Object;Ljava/lang/Object;Ljava/lang/Object;Ljava/lang/Object;Ljava/lang/Object;)Ljava/lang/Object;' in 'java/lang/invoke/LambdaForm$MH+0x0000000010146c00')}
  0x00007fa1f4f5a7d0: 0001 48b9 | 209d b1d0 | a17f 0000 | 448b 8190 | 0000 0041 | 83c0 0244 | 8981 9000 | 0000 4181 
  0x00007fa1f4f5a7f0: e0fe ff1f | 0045 85c0 | 0f84 fc10 

  0x00007fa1f4f5a7fc: ;   {metadata(method data for {method} {0x00007fa1d0b19ab0} 'invokeExact_MT' '(Ljava/lang/Object;Ljava/lang/Object;Ljava/lang/Object;Ljava/lang/Object;Ljava/lang/Object;)Ljava/lang/Object;' in 'java/lang/invoke/LambdaForm$MH+0x0000000010146c00')}
  0x00007fa1f4f5a7fc: 0000 48b9 | 209d b1d0 | a17f 0000 | 488d 8948 | 0100 0048 | 85ff 750e | f641 0801 | 7547 f048 
  0x00007fa1f4f5a81c: 8349 0801 | eb3f 448b | 4708 4d8b | d04c 3341 | 0849 f7c0 | fcff ffff | 742b 41f6 | c002 7525 
  0x00007fa1f4f5a83c: 48f7 4108 | feff ffff | 7417 4d8b | c24c 3341 | 0849 f7c0 | fcff ffff | 740b 4883 | 4908 02eb 
  0x00007fa1f4f5a85c: 044c 8941 

  0x00007fa1f4f5a860: ;   {metadata(method data for {method} {0x00007fa1d0b19ab0} 'invokeExact_MT' '(Ljava/lang/Object;Ljava/lang/Object;Ljava/lang/Object;Ljava/lang/Object;Ljava/lang/Object;)Ljava/lang/Object;' in 'java/lang/invoke/LambdaForm$MH+0x0000000010146c00')}
  0x00007fa1f4f5a860: 0848 b920 | 9db1 d0a1 | 7f00 0048 | 8381 3801 

  0x00007fa1f4f5a870: ;   {metadata(method data for {method} {0x00007fa1d036ac88} 'checkExactType' '(Ljava/lang/invoke/MethodHandle;Ljava/lang/invoke/MethodType;)V' in 'java/lang/invoke/Invokers')}
  0x00007fa1f4f5a870: 0000 0148 | b968 51bc | d0a1 7f00 | 0044 8b81 | 9000 0000 | 4183 c002 | 4489 8190 | 0000 0041 
  0x00007fa1f4f5a890: 81e0 feff | 1f00 4585 | c00f 847c | 1000 0048 | 3b07 488b 

  0x00007fa1f4f5a8a4: ;   {metadata(method data for {method} {0x00007fa1d036ac88} 'checkExactType' '(Ljava/lang/invoke/MethodHandle;Ljava/lang/invoke/MethodType;)V' in 'java/lang/invoke/Invokers')}
  0x00007fa1f4f5a8a4: cf49 b868 | 51bc d0a1 | 7f00 008b | 4908 493b | 88e0 0000 | 0075 0d49 | 8380 e800 | 0000 01e9 
  0x00007fa1f4f5a8c4: 6000 0000 | 493b 88f0 | 0000 0075 | 0d49 8380 | f800 0000 | 01e9 4a00 | 0000 4983 | b8e0 0000 
  0x00007fa1f4f5a8e4: 0000 7517 | 4989 88e0 | 0000 0049 | c780 e800 | 0000 0100 | 0000 e929 | 0000 0049 | 83b8 f000 
  0x00007fa1f4f5a904: 0000 0075 | 1749 8988 | f000 0000 | 49c7 80f8 | 0000 0001 | 0000 00e9 | 0800 0000 | 4983 80d8 
  0x00007fa1f4f5a924: 0000 0001 

  0x00007fa1f4f5a928: ;   {oop(a 'java/lang/invoke/MethodType'{0x00000000c017b3d8} = (Ljava/lang/Object;Ljava/lang/Object;Ljava/lang/Object;)Ljava/lang/Object;)}
  0x00007fa1f4f5a928: 8b4f 1049 | b8d8 b317 | c000 0000 | 0049 3bc8 

  0x00007fa1f4f5a938: ;   {metadata(method data for {method} {0x00007fa1d036ac88} 'checkExactType' '(Ljava/lang/invoke/MethodHandle;Ljava/lang/invoke/MethodType;)V' in 'java/lang/invoke/Invokers')}
  0x00007fa1f4f5a938: 49b8 6851 | bcd0 a17f | 0000 41b9 | 1801 0000 | 7506 41b9 | 0801 0000 | 4f8b 1c08 | 4d8d 5b01 
  0x00007fa1f4f5a958: 4f89 1c08 | 0f85 7d09 

  0x00007fa1f4f5a960: ;   {metadata(method data for {method} {0x00007fa1d0b19ab0} 'invokeExact_MT' '(Ljava/lang/Object;Ljava/lang/Object;Ljava/lang/Object;Ljava/lang/Object;Ljava/lang/Object;)Ljava/lang/Object;' in 'java/lang/invoke/LambdaForm$MH+0x0000000010146c00')}
  0x00007fa1f4f5a960: 0000 48b9 | 209d b1d0 | a17f 0000 | 488d 8980 | 0100 0044 | 8b47 084d | 8bd0 4c33 | 4108 49f7 
  0x00007fa1f4f5a980: c0fc ffff | ff74 2b41 | f6c0 0275 | 2548 f741 | 08fe ffff | ff74 174d | 8bc2 4c33 | 4108 49f7 
  0x00007fa1f4f5a9a0: c0fc ffff | ff74 0b48 | 8349 0802 | eb04 4c89 

  0x00007fa1f4f5a9b0: ;   {metadata(method data for {method} {0x00007fa1d0b19ab0} 'invokeExact_MT' '(Ljava/lang/Object;Ljava/lang/Object;Ljava/lang/Object;Ljava/lang/Object;Ljava/lang/Object;)Ljava/lang/Object;' in 'java/lang/invoke/LambdaForm$MH+0x0000000010146c00')}
  0x00007fa1f4f5a9b0: 4108 48b9 | 209d b1d0 | a17f 0000 | 4883 8170 | 0100 0001 

  0x00007fa1f4f5a9c4: ;   {metadata(method data for {method} {0x00007fa1d036b2d0} 'checkCustomized' '(Ljava/lang/invoke/MethodHandle;)V' in 'java/lang/invoke/Invokers')}
  0x00007fa1f4f5a9c4: 48b9 004f | bcd0 a17f | 0000 448b | 8190 0000 | 0041 83c0 | 0244 8981 | 9000 0000 | 4181 e0fe 
  0x00007fa1f4f5a9e4: ff1f 0045 | 85c0 0f84 | 510f 0000 

  0x00007fa1f4f5a9f0: ;   {metadata(method data for {method} {0x00007fa1d036b2d0} 'checkCustomized' '(Ljava/lang/invoke/MethodHandle;)V' in 'java/lang/invoke/Invokers')}
  0x00007fa1f4f5a9f0: 48b9 004f | bcd0 a17f | 0000 4883 | 81d8 0000 

  0x00007fa1f4f5aa00: ;   {metadata(method data for {method} {0x00007fa1d008fb80} 'isCompileConstant' '(Ljava/lang/Object;)Z' in 'java/lang/invoke/MethodHandleImpl')}
  0x00007fa1f4f5aa00: 0001 48b9 | 7850 bcd0 | a17f 0000 | 448b 8190 | 0000 0041 | 83c0 0244 | 8981 9000 | 0000 4181 
  0x00007fa1f4f5aa20: e0fe ff1f | 0045 85c0 | 0f84 340f 

  0x00007fa1f4f5aa2c: ;   {metadata(method data for {method} {0x00007fa1d036b2d0} 'checkCustomized' '(Ljava/lang/invoke/MethodHandle;)V' in 'java/lang/invoke/Invokers')}
  0x00007fa1f4f5aa2c: 0000 48b9 | 004f bcd0 | a17f 0000 | ff81 e800 | 0000 8b4f | 148b 491c 

  0x00007fa1f4f5aa44: ;   {metadata(method data for {method} {0x00007fa1d036b2d0} 'checkCustomized' '(Ljava/lang/invoke/MethodHandle;)V' in 'java/lang/invoke/Invokers')}
  0x00007fa1f4f5aa44: 4885 c948 | b900 4fbc | d0a1 7f00 | 0041 b808 | 0100 0075 | 0641 b818 | 0100 004e | 8b0c 014d 
  0x00007fa1f4f5aa64: 8d49 014e | 890c 010f | 8523 0000 

  0x00007fa1f4f5aa70: ;   {metadata(method data for {method} {0x00007fa1d036b2d0} 'checkCustomized' '(Ljava/lang/invoke/MethodHandle;)V' in 'java/lang/invoke/Invokers')}
  0x00007fa1f4f5aa70: 0048 b900 | 4fbc d0a1 | 7f00 0048 | 8381 2801 | 0000 0148 

  0x00007fa1f4f5aa84: ;   {static_call}
  0x00007fa1f4f5aa84: 8bf7 90e8 

  0x00007fa1f4f5aa88: ; ImmutableOopMap {[168]=Oop [184]=Oop [192]=Oop [200]=Oop [208]=Oop }
                      ;*invokestatic maybeCustomize {reexecute=0 rethrow=0 return_oop=0}
                      ; - java.lang.invoke.Invokers::checkCustomized@19
                      ; - java.lang.invoke.LambdaForm$MH/0x0000000010146c00::invokeExact_MT@15
                      ; - jdk.internal.reflect.DirectMethodHandleAccessor::invokeImpl@72
                      ; - jdk.internal.reflect.DirectMethodHandleAccessor::invoke@23
  0x00007fa1f4f5aa88: f4a2 ffff 

  0x00007fa1f4f5aa8c: ;   {post_call_nop}
  0x00007fa1f4f5aa8c: 0f1f 8400 | 840b 0004 | 488b 9c24 | c000 0000 | 488b 9424 | b800 0000 

  0x00007fa1f4f5aaa4: ;   {metadata(method data for {method} {0x00007fa1d0b19ab0} 'invokeExact_MT' '(Ljava/lang/Object;Ljava/lang/Object;Ljava/lang/Object;Ljava/lang/Object;Ljava/lang/Object;)Ljava/lang/Object;' in 'java/lang/invoke/LambdaForm$MH+0x0000000010146c00')}
  0x00007fa1f4f5aaa4: 48b9 209d | b1d0 a17f | 0000 488d | 89c8 0100 | 0048 85d2 | 750e f641 | 0801 7547 | f048 8349 
  0x00007fa1f4f5aac4: 0801 eb3f | 448b 4208 | 4d8b d04c | 3341 0849 | f7c0 fcff | ffff 742b | 41f6 c002 | 7525 48f7 
  0x00007fa1f4f5aae4: 4108 feff | ffff 7417 | 4d8b c24c | 3341 0849 | f7c0 fcff | ffff 740b | 4883 4908 | 02eb 044c 
  0x00007fa1f4f5ab04: 8941 0848 | 85db 750e | f641 1801 | 7547 f048 | 8349 1801 | eb3f 448b | 4308 4d8b | d04c 3341 
  0x00007fa1f4f5ab24: 1849 f7c0 | fcff ffff | 742b 41f6 | c002 7525 | 48f7 4118 | feff ffff | 7417 4d8b | c24c 3341 
  0x00007fa1f4f5ab44: 1849 f7c0 | fcff ffff | 740b 4883 | 4918 02eb | 044c 8941 | 1848 8bbc | 24c8 0000 

  0x00007fa1f4f5ab60: ;   {metadata(method data for {method} {0x00007fa1d0b19ab0} 'invokeExact_MT' '(Ljava/lang/Object;Ljava/lang/Object;Ljava/lang/Object;Ljava/lang/Object;Ljava/lang/Object;)Ljava/lang/Object;' in 'java/lang/invoke/LambdaForm$MH+0x0000000010146c00')}
  0x00007fa1f4f5ab60: 0048 b920 | 9db1 d0a1 | 7f00 008b | 7f08 483b | b9a0 0100 | 0075 0d48 | 8381 a801 | 0000 01e9 
  0x00007fa1f4f5ab80: 6000 0000 | 483b b9b0 | 0100 0075 | 0d48 8381 | b801 0000 | 01e9 4a00 | 0000 4883 | b9a0 0100 
  0x00007fa1f4f5aba0: 0000 7517 | 4889 b9a0 | 0100 0048 | c781 a801 | 0000 0100 | 0000 e929 | 0000 0048 | 83b9 b001 
  0x00007fa1f4f5abc0: 0000 0075 | 1748 89b9 | b001 0000 | 48c7 81b8 | 0100 0001 | 0000 00e9 | 0800 0000 | 4883 8198 
  0x00007fa1f4f5abe0: 0100 0001 | 488b cb4c | 8b84 24d0 | 0000 0048 | 8bb4 24c8 

  0x00007fa1f4f5abf4: ;   {optimized virtual_call}
  0x00007fa1f4f5abf4: 0000 00e8 

  0x00007fa1f4f5abf8: ; ImmutableOopMap {[168]=Oop }
                      ;*invokevirtual invokeBasic {reexecute=0 rethrow=0 return_oop=0}
                      ; - java.lang.invoke.LambdaForm$MH/0x0000000010146c00::invokeExact_MT@22
                      ; - jdk.internal.reflect.DirectMethodHandleAccessor::invokeImpl@72
                      ; - jdk.internal.reflect.DirectMethodHandleAccessor::invoke@23
  0x00007fa1f4f5abf8: 8418 9807 

  0x00007fa1f4f5abfc: ;   {post_call_nop}
  0x00007fa1f4f5abfc: 0f1f 8400 | f40c 0005 

  0x00007fa1f4f5ac04: ;   {metadata(method data for {method} {0x00007fa1d0b19ab0} 'invokeExact_MT' '(Ljava/lang/Object;Ljava/lang/Object;Ljava/lang/Object;Ljava/lang/Object;Ljava/lang/Object;)Ljava/lang/Object;' in 'java/lang/invoke/LambdaForm$MH+0x0000000010146c00')}
  0x00007fa1f4f5ac04: 48ba 209d | b1d0 a17f | 0000 488d | 92e8 0100 | 0048 85c0 | 750c f602 | 0175 3ff0 | 4883 0a01 
  0x00007fa1f4f5ac24: eb38 8b48 | 084c 8bd1 | 4833 0a48 | f7c1 fcff | ffff 7426 | f6c1 0275 | 2148 f702 | feff ffff 
  0x00007fa1f4f5ac44: 7415 498b | ca48 330a | 48f7 c1fc | ffff ff74 | 0948 830a | 02eb 0348 

  0x00007fa1f4f5ac5c: ;   {metadata(method data for {method} {0x00007fa1d04671e8} 'invokeImpl' '(Ljava/lang/Object;[Ljava/lang/Object;)Ljava/lang/Object;' in 'jdk/internal/reflect/DirectMethodHandleAccessor')}
  0x00007fa1f4f5ac5c: 890a 48ba | 502f bdd0 | a17f 0000 | 488d 9268 | 0200 0048 | 85c0 750c | f602 0175 | 3ff0 4883 
  0x00007fa1f4f5ac7c: 0a01 eb38 | 8b48 084c | 8bd1 4833 | 0a48 f7c1 | fcff ffff | 7426 f6c1 | 0275 2148 | f702 feff 
  0x00007fa1f4f5ac9c: ffff 7415 | 498b ca48 | 330a 48f7 | c1fc ffff | ff74 0948 | 830a 02eb | 0348 890a 

  0x00007fa1f4f5acb8: ;   {metadata(method data for {method} {0x00007fa1d04671e8} 'invokeImpl' '(Ljava/lang/Object;[Ljava/lang/Object;)Ljava/lang/Object;' in 'jdk/internal/reflect/DirectMethodHandleAccessor')}
  0x00007fa1f4f5acb8: 48ba 502f | bdd0 a17f | 0000 ff82 | 7802 0000 | 4881 c420 | 0100 005d 

  0x00007fa1f4f5acd0: ;   {poll_return}
  0x00007fa1f4f5acd0: 493b 6728 | 0f87 ae0c | 0000 c348 | 8b8c 24b0 | 0000 0048 | 8b94 24b8 | 0000 008b | 7e18 8379 
  0x00007fa1f4f5acf0: 0c00 0f86 | b00c 0000 | 8b49 100f | 1f44 0000 

  0x00007fa1f4f5ad00: ;   {oop(a 'java/lang/invoke/MethodType'{0x00000000c017b1d0} = (Ljava/lang/Object;Ljava/lang/Object;)Ljava/lang/Object;)}
  0x00007fa1f4f5ad00: 49b8 d0b1 | 17c0 0000 | 0000 483b 

  0x00007fa1f4f5ad0c: ;   {metadata(method data for {method} {0x00007fa1d04671e8} 'invokeImpl' '(Ljava/lang/Object;[Ljava/lang/Object;)Ljava/lang/Object;' in 'jdk/internal/reflect/DirectMethodHandleAccessor')}
  0x00007fa1f4f5ad0c: 0748 bb50 | 2fbd d0a1 | 7f00 0048 | 8d9b d001 | 0000 4885 | d275 0ef6 | 4308 0175 | 42f0 4883 
  0x00007fa1f4f5ad2c: 4b08 01eb | 3a8b 4208 | 4c8b d048 | 3343 0848 | a9fc ffff | ff74 28a8 | 0275 2448 | f743 08fe 
  0x00007fa1f4f5ad4c: ffff ff74 | 1649 8bc2 | 4833 4308 | 48a9 fcff | ffff 740b | 4883 4b08 | 02eb 0448 | 8943 0848 
  0x00007fa1f4f5ad6c: 85c9 750e | f643 1801 | 7542 f048 | 834b 1801 | eb3a 8b41 | 084c 8bd0 | 4833 4318 | 48a9 fcff 
  0x00007fa1f4f5ad8c: ffff 7428 | a802 7524 | 48f7 4318 | feff ffff | 7416 498b | c248 3343 | 1848 a9fc | ffff ff74 
  0x00007fa1f4f5adac: 0b48 834b | 1802 eb04 | 4889 4318 

  0x00007fa1f4f5adb8: ;   {metadata(method data for {method} {0x00007fa1d04671e8} 'invokeImpl' '(Ljava/lang/Object;[Ljava/lang/Object;)Ljava/lang/Object;' in 'jdk/internal/reflect/DirectMethodHandleAccessor')}
  0x00007fa1f4f5adb8: 488b df48 | b850 2fbd | d0a1 7f00 | 008b 5b08 | 483b 98a8 | 0100 0075 | 0d48 8380 | b001 0000 
  0x00007fa1f4f5add8: 01e9 6000 | 0000 483b | 98b8 0100 | 0075 0d48 | 8380 c001 | 0000 01e9 | 4a00 0000 | 4883 b8a8 
  0x00007fa1f4f5adf8: 0100 0000 | 7517 4889 | 98a8 0100 | 0048 c780 | b001 0000 | 0100 0000 | e929 0000 | 0048 83b8 
  0x00007fa1f4f5ae18: b801 0000 | 0075 1748 | 8998 b801 | 0000 48c7 | 80c0 0100 | 0001 0000 | 00e9 0800 | 0000 4883 
  0x00007fa1f4f5ae38: 80a0 0100 | 0001 488b | f766 0f1f 

  0x00007fa1f4f5ae44: ;   {optimized virtual_call}
  0x00007fa1f4f5ae44: 4400 00e8 

  0x00007fa1f4f5ae48: ; ImmutableOopMap {[168]=Oop }
                      ;*invokevirtual invokeExact {reexecute=0 rethrow=0 return_oop=0}
                      ; - jdk.internal.reflect.DirectMethodHandleAccessor::invokeImpl@55
                      ; - jdk.internal.reflect.DirectMethodHandleAccessor::invoke@23
  0x00007fa1f4f5ae48: b10d 0000 

  0x00007fa1f4f5ae4c: ;   {post_call_nop}
  0x00007fa1f4f5ae4c: 0f1f 8400 | 440f 0006 

  0x00007fa1f4f5ae54: ;   {metadata(method data for {method} {0x00007fa1d04671e8} 'invokeImpl' '(Ljava/lang/Object;[Ljava/lang/Object;)Ljava/lang/Object;' in 'jdk/internal/reflect/DirectMethodHandleAccessor')}
  0x00007fa1f4f5ae54: 48be 502f | bdd0 a17f | 0000 488d | b6f0 0100 | 0048 85c0 | 750c f606 | 0175 40f0 | 4883 0e01 
  0x00007fa1f4f5ae74: eb39 8b78 | 084c 8bd7 | 4833 3e48 | f7c7 fcff | ffff 7427 | 40f6 c702 | 7521 48f7 | 06fe ffff 
  0x00007fa1f4f5ae94: ff74 1549 | 8bfa 4833 | 3e48 f7c7 | fcff ffff | 7409 4883 | 0e02 eb03 

  0x00007fa1f4f5aeac: ;   {metadata(method data for {method} {0x00007fa1d04671e8} 'invokeImpl' '(Ljava/lang/Object;[Ljava/lang/Object;)Ljava/lang/Object;' in 'jdk/internal/reflect/DirectMethodHandleAccessor')}
  0x00007fa1f4f5aeac: 4889 3e48 | be50 2fbd | d0a1 7f00 | 00ff 8600 | 0200 0048 | 81c4 2001 

  0x00007fa1f4f5aec4: ;   {poll_return}
  0x00007fa1f4f5aec4: 0000 5d49 | 3b67 280f | 8707 0b00 | 00c3 488b | 9424 b800 | 0000 8b7e | 1848 89bc | 24d8 0000 
  0x00007fa1f4f5aee4: ;   {metadata(method data for {method} {0x00007fa1d04671e8} 'invokeImpl' '(Ljava/lang/Object;[Ljava/lang/Object;)Ljava/lang/Object;' in 'jdk/internal/reflect/DirectMethodHandleAccessor')}
  0x00007fa1f4f5aee4: 0048 bb50 | 2fbd d0a1 | 7f00 0048 | 8d9b 6801 | 0000 4885 | d275 0cf6 | 4308 0175 | 06f0 4883 
  0x00007fa1f4f5af04: ;   {metadata(method data for {method} {0x00007fa1d03c2510} 'invokeExact_MT' '(Ljava/lang/Object;Ljava/lang/Object;Ljava/lang/Object;)Ljava/lang/Object;' in 'java/lang/invoke/Invokers$Holder')}
  0x00007fa1f4f5af04: 4b08 0148 | bb08 33bd | d0a1 7f00 | 0048 8d9b | 5002 0000 | 4885 ff75 | 0af6 0301 | 7505 f048 
  0x00007fa1f4f5af24: 830b 0148 | 85d2 750c | f643 1001 | 7506 f048 | 834b 1001 

  0x00007fa1f4f5af38: ;   {metadata(method data for {method} {0x00007fa1d04671e8} 'invokeImpl' '(Ljava/lang/Object;[Ljava/lang/Object;)Ljava/lang/Object;' in 'jdk/internal/reflect/DirectMethodHandleAccessor')}
  0x00007fa1f4f5af38: 48bb 502f | bdd0 a17f | 0000 4883 | 8338 0100 

  0x00007fa1f4f5af48: ;   {metadata(method data for {method} {0x00007fa1d03c2510} 'invokeExact_MT' '(Ljava/lang/Object;Ljava/lang/Object;Ljava/lang/Object;)Ljava/lang/Object;' in 'java/lang/invoke/Invokers$Holder')}
  0x00007fa1f4f5af48: 0001 48bb | 0833 bdd0 | a17f 0000 | 8b83 9000 | 0000 83c0 | 0289 8390 | 0000 0025 | feff 1f00 
  0x00007fa1f4f5af68: 85c0 0f84 | 7e0a 0000 

  0x00007fa1f4f5af70: ;   {metadata(method data for {method} {0x00007fa1d03c2510} 'invokeExact_MT' '(Ljava/lang/Object;Ljava/lang/Object;Ljava/lang/Object;)Ljava/lang/Object;' in 'java/lang/invoke/Invokers$Holder')}
  0x00007fa1f4f5af70: 48bb 0833 | bdd0 a17f | 0000 488d | 9b48 0100 | 0048 85ff | 750c f643 | 0801 7506 | f048 834b 
  0x00007fa1f4f5af90: ;   {metadata(method data for {method} {0x00007fa1d03c2510} 'invokeExact_MT' '(Ljava/lang/Object;Ljava/lang/Object;Ljava/lang/Object;)Ljava/lang/Object;' in 'java/lang/invoke/Invokers$Holder')}
  0x00007fa1f4f5af90: 0801 48bb | 0833 bdd0 | a17f 0000 | 4883 8338 | 0100 0001 

  0x00007fa1f4f5afa4: ;   {metadata(method data for {method} {0x00007fa1d036ac88} 'checkExactType' '(Ljava/lang/invoke/MethodHandle;Ljava/lang/invoke/MethodType;)V' in 'java/lang/invoke/Invokers')}
  0x00007fa1f4f5afa4: 48bb 6851 | bcd0 a17f | 0000 8b83 | 9000 0000 | 83c0 0289 | 8390 0000 | 0025 feff | 1f00 85c0 
  0x00007fa1f4f5afc4: 0f84 450a | 0000 483b | 0748 8bdf 

  0x00007fa1f4f5afd0: ;   {metadata(method data for {method} {0x00007fa1d036ac88} 'checkExactType' '(Ljava/lang/invoke/MethodHandle;Ljava/lang/invoke/MethodType;)V' in 'java/lang/invoke/Invokers')}
  0x00007fa1f4f5afd0: 48b8 6851 | bcd0 a17f | 0000 8b5b | 0848 3b98 | e000 0000 | 750d 4883 | 80e8 0000 | 0001 e960 
  0x00007fa1f4f5aff0: 0000 0048 | 3b98 f000 | 0000 750d | 4883 80f8 | 0000 0001 | e94a 0000 | 0048 83b8 | e000 0000 
  0x00007fa1f4f5b010: 0075 1748 | 8998 e000 | 0000 48c7 | 80e8 0000 | 0001 0000 | 00e9 2900 | 0000 4883 | b8f0 0000 
  0x00007fa1f4f5b030: 0000 7517 | 4889 98f0 | 0000 0048 | c780 f800 | 0000 0100 | 0000 e908 | 0000 0048 | 8380 d800 
  0x00007fa1f4f5b050: 0000 018b 

  0x00007fa1f4f5b054: ;   {oop(a 'java/lang/invoke/MethodType'{0x00000000c0139830} = (Ljava/lang/Object;)Ljava/lang/Object;)}
  0x00007fa1f4f5b054: 5f10 48b8 | 3098 13c0 | 0000 0000 

  0x00007fa1f4f5b060: ;   {metadata(method data for {method} {0x00007fa1d036ac88} 'checkExactType' '(Ljava/lang/invoke/MethodHandle;Ljava/lang/invoke/MethodType;)V' in 'java/lang/invoke/Invokers')}
  0x00007fa1f4f5b060: 483b d848 | b868 51bc | d0a1 7f00 | 00b9 1801 | 0000 7505 | b908 0100 | 004c 8b04 | 084d 8d40 
  0x00007fa1f4f5b080: 014c 8904 | 080f 850c 

  0x00007fa1f4f5b088: ;   {metadata(method data for {method} {0x00007fa1d03c2510} 'invokeExact_MT' '(Ljava/lang/Object;Ljava/lang/Object;Ljava/lang/Object;)Ljava/lang/Object;' in 'java/lang/invoke/Invokers$Holder')}
  0x00007fa1f4f5b088: 0200 0048 | bb08 33bd | d0a1 7f00 | 0048 8383 | 7001 0000 

  0x00007fa1f4f5b09c: ;   {metadata(method data for {method} {0x00007fa1d036b2d0} 'checkCustomized' '(Ljava/lang/invoke/MethodHandle;)V' in 'java/lang/invoke/Invokers')}
  0x00007fa1f4f5b09c: 0148 bb00 | 4fbc d0a1 | 7f00 008b | 8390 0000 | 0083 c002 | 8983 9000 | 0000 25fe | ff1f 0085 
  0x00007fa1f4f5b0bc: c00f 8472 

  0x00007fa1f4f5b0c0: ;   {metadata(method data for {method} {0x00007fa1d036b2d0} 'checkCustomized' '(Ljava/lang/invoke/MethodHandle;)V' in 'java/lang/invoke/Invokers')}
  0x00007fa1f4f5b0c0: 0900 0048 | bb00 4fbc | d0a1 7f00 | 0048 8383 | d800 0000 

  0x00007fa1f4f5b0d4: ;   {metadata(method data for {method} {0x00007fa1d008fb80} 'isCompileConstant' '(Ljava/lang/Object;)Z' in 'java/lang/invoke/MethodHandleImpl')}
  0x00007fa1f4f5b0d4: 0148 bb78 | 50bc d0a1 | 7f00 008b | 8390 0000 | 0083 c002 | 8983 9000 | 0000 25fe | ff1f 0085 
  0x00007fa1f4f5b0f4: c00f 845b 

  0x00007fa1f4f5b0f8: ;   {metadata(method data for {method} {0x00007fa1d036b2d0} 'checkCustomized' '(Ljava/lang/invoke/MethodHandle;)V' in 'java/lang/invoke/Invokers')}
  0x00007fa1f4f5b0f8: 0900 0048 | bb00 4fbc | d0a1 7f00 | 00ff 83e8 | 0000 008b | 5f14 8b5b | 1c48 85db 

  0x00007fa1f4f5b114: ;   {metadata(method data for {method} {0x00007fa1d036b2d0} 'checkCustomized' '(Ljava/lang/invoke/MethodHandle;)V' in 'java/lang/invoke/Invokers')}
  0x00007fa1f4f5b114: 48bb 004f | bcd0 a17f | 0000 b808 | 0100 0075 | 05b8 1801 | 0000 488b | 0c03 488d | 4901 4889 
  0x00007fa1f4f5b134: 0c03 0f85 | 2800 0000 

  0x00007fa1f4f5b13c: ;   {metadata(method data for {method} {0x00007fa1d036b2d0} 'checkCustomized' '(Ljava/lang/invoke/MethodHandle;)V' in 'java/lang/invoke/Invokers')}
  0x00007fa1f4f5b13c: 48bb 004f | bcd0 a17f | 0000 4883 | 8328 0100 | 0001 488b | f766 0f1f 

  0x00007fa1f4f5b154: ;   {static_call}
  0x00007fa1f4f5b154: 4400 00e8 

  0x00007fa1f4f5b158: ; ImmutableOopMap {[168]=Oop [184]=Oop [216]=Oop }
                      ;*invokestatic maybeCustomize {reexecute=0 rethrow=0 return_oop=0}
                      ; - java.lang.invoke.Invokers::checkCustomized@19
                      ; - java.lang.invoke.Invokers$Holder::invokeExact_MT@14
                      ; - jdk.internal.reflect.DirectMethodHandleAccessor::invokeImpl@41
                      ; - jdk.internal.reflect.DirectMethodHandleAccessor::invoke@23
  0x00007fa1f4f5b158: 249c ffff 

  0x00007fa1f4f5b15c: ;   {post_call_nop}
  0x00007fa1f4f5b15c: 0f1f 8400 | 5412 0007 | 488b 9424 | b800 0000 

  0x00007fa1f4f5b16c: ;   {metadata(method data for {method} {0x00007fa1d03c2510} 'invokeExact_MT' '(Ljava/lang/Object;Ljava/lang/Object;Ljava/lang/Object;)Ljava/lang/Object;' in 'java/lang/invoke/Invokers$Holder')}
  0x00007fa1f4f5b16c: 48be 0833 | bdd0 a17f | 0000 488d | b6c8 0100 | 0048 85d2 | 750c f646 | 0801 7506 | f048 834e 
  0x00007fa1f4f5b18c: 0801 488b | bc24 d800 

  0x00007fa1f4f5b194: ;   {metadata(method data for {method} {0x00007fa1d03c2510} 'invokeExact_MT' '(Ljava/lang/Object;Ljava/lang/Object;Ljava/lang/Object;)Ljava/lang/Object;' in 'java/lang/invoke/Invokers$Holder')}
  0x00007fa1f4f5b194: 0000 48be | 0833 bdd0 | a17f 0000 | 8b7f 0848 | 3bbe a001 | 0000 750d | 4883 86a8 | 0100 0001 
  0x00007fa1f4f5b1b4: e960 0000 | 0048 3bbe | b001 0000 | 750d 4883 | 86b8 0100 | 0001 e94a | 0000 0048 | 83be a001 
  0x00007fa1f4f5b1d4: 0000 0075 | 1748 89be | a001 0000 | 48c7 86a8 | 0100 0001 | 0000 00e9 | 2900 0000 | 4883 beb0 
  0x00007fa1f4f5b1f4: 0100 0000 | 7517 4889 | beb0 0100 | 0048 c786 | b801 0000 | 0100 0000 | e908 0000 | 0048 8386 
  0x00007fa1f4f5b214: 9801 0000 | 0148 8bb4 | 24d8 0000 | 0066 0f1f 

  0x00007fa1f4f5b224: ;   {optimized virtual_call}
  0x00007fa1f4f5b224: 4400 00e8 

  0x00007fa1f4f5b228: ; ImmutableOopMap {[168]=Oop }
                      ;*invokevirtual invokeBasic {reexecute=0 rethrow=0 return_oop=0}
                      ; - java.lang.invoke.Invokers$Holder::invokeExact_MT@19
                      ; - jdk.internal.reflect.DirectMethodHandleAccessor::invokeImpl@41
                      ; - jdk.internal.reflect.DirectMethodHandleAccessor::invoke@23
  0x00007fa1f4f5b228: 54fa 9607 

  0x00007fa1f4f5b22c: ;   {post_call_nop}
  0x00007fa1f4f5b22c: 0f1f 8400 | 2413 0008 

  0x00007fa1f4f5b234: ;   {metadata(method data for {method} {0x00007fa1d03c2510} 'invokeExact_MT' '(Ljava/lang/Object;Ljava/lang/Object;Ljava/lang/Object;)Ljava/lang/Object;' in 'java/lang/invoke/Invokers$Holder')}
  0x00007fa1f4f5b234: 48be 0833 | bdd0 a17f | 0000 488d | b6d8 0100 | 0048 85c0 | 750a f606 | 0175 05f0 | 4883 0e01 
  0x00007fa1f4f5b254: ;   {metadata(method data for {method} {0x00007fa1d04671e8} 'invokeImpl' '(Ljava/lang/Object;[Ljava/lang/Object;)Ljava/lang/Object;' in 'jdk/internal/reflect/DirectMethodHandleAccessor')}
  0x00007fa1f4f5b254: 48be 502f | bdd0 a17f | 0000 488d | b678 0100 | 0048 85c0 | 750a f606 | 0175 05f0 | 4883 0e01 
  0x00007fa1f4f5b274: ;   {metadata(method data for {method} {0x00007fa1d04671e8} 'invokeImpl' '(Ljava/lang/Object;[Ljava/lang/Object;)Ljava/lang/Object;' in 'jdk/internal/reflect/DirectMethodHandleAccessor')}
  0x00007fa1f4f5b274: 48be 502f | bdd0 a17f | 0000 ff86 | 8801 0000 | 4881 c420 | 0100 005d 

  0x00007fa1f4f5b28c: ;   {poll_return}
  0x00007fa1f4f5b28c: 493b 6728 | 0f87 e607 

  0x00007fa1f4f5b294: ;   {metadata(method data for {method} {0x00007fa1d036ac88} 'checkExactType' '(Ljava/lang/invoke/MethodHandle;Ljava/lang/invoke/MethodType;)V' in 'java/lang/invoke/Invokers')}
  0x00007fa1f4f5b294: 0000 c348 | be68 51bc | d0a1 7f00 | 0048 8386 | 2801 0000 

  0x00007fa1f4f5b2a8: ;   {oop(a 'java/lang/invoke/MethodType'{0x00000000c0139830} = (Ljava/lang/Object;)Ljava/lang/Object;)}
  0x00007fa1f4f5b2a8: 0148 b830 | 9813 c000 | 0000 0048 | 8bf3 488b | d066 0f1f 

  0x00007fa1f4f5b2bc: ;   {static_call}
  0x00007fa1f4f5b2bc: 4400 00e8 

  0x00007fa1f4f5b2c0: ; ImmutableOopMap {[168]=Oop [184]=Oop [216]=Oop }
                      ;*invokestatic newWrongMethodTypeException {reexecute=0 rethrow=0 return_oop=0}
                      ; - java.lang.invoke.Invokers::checkExactType@12
                      ; - java.lang.invoke.Invokers$Holder::invokeExact_MT@10
                      ; - jdk.internal.reflect.DirectMethodHandleAccessor::invokeImpl@41
                      ; - jdk.internal.reflect.DirectMethodHandleAccessor::invoke@23
  0x00007fa1f4f5b2c0: 1c9a 4207 

  0x00007fa1f4f5b2c4: ;   {post_call_nop}
  0x00007fa1f4f5b2c4: 0f1f 8400 | bc13 0009 

  0x00007fa1f4f5b2cc: ; implicit exception: dispatches to 0x00007fa1f4f5ba92
                      ; ImmutableOopMap {rax=Oop [168]=Oop [184]=Oop [216]=Oop }
                      ;*athrow {reexecute=1 rethrow=0 return_oop=0}
                      ; - (reexecute) java.lang.invoke.Invokers::checkExactType@15
                      ; - java.lang.invoke.Invokers$Holder::invokeExact_MT@10
                      ; - jdk.internal.reflect.DirectMethodHandleAccessor::invokeImpl@41
                      ; - jdk.internal.reflect.DirectMethodHandleAccessor::invoke@23
                      ;   {section_word}
  0x00007fa1f4f5b2cc: 483b 0048 | bacf b2f5 | f4a1 7f00 

  0x00007fa1f4f5b2d8: ;   {runtime_call C1 Runtime handle_exception_nofpu_blob}
  0x00007fa1f4f5b2d8: 00e8 0251 

  0x00007fa1f4f5b2dc: ;   {metadata(method data for {method} {0x00007fa1d036ac88} 'checkExactType' '(Ljava/lang/invoke/MethodHandle;Ljava/lang/invoke/MethodType;)V' in 'java/lang/invoke/Invokers')}
  0x00007fa1f4f5b2dc: 4f07 9048 | be68 51bc | d0a1 7f00 | 0048 8386 | 2801 0000 

  0x00007fa1f4f5b2f0: ;   {oop(a 'java/lang/invoke/MethodType'{0x00000000c017b3d8} = (Ljava/lang/Object;Ljava/lang/Object;Ljava/lang/Object;)Ljava/lang/Object;)}
  0x00007fa1f4f5b2f0: 0149 b8d8 | b317 c000 | 0000 0048 | 8bf1 498b | d066 0f1f 

  0x00007fa1f4f5b304: ;   {static_call}
  0x00007fa1f4f5b304: 4400 00e8 

  0x00007fa1f4f5b308: ; ImmutableOopMap {[168]=Oop [184]=Oop [192]=Oop [200]=Oop [208]=Oop }
                      ;*invokestatic newWrongMethodTypeException {reexecute=0 rethrow=0 return_oop=0}
                      ; - java.lang.invoke.Invokers::checkExactType@12
                      ; - java.lang.invoke.LambdaForm$MH/0x0000000010146c00::invokeExact_MT@11
                      ; - jdk.internal.reflect.DirectMethodHandleAccessor::invokeImpl@72
                      ; - jdk.internal.reflect.DirectMethodHandleAccessor::invoke@23
  0x00007fa1f4f5b308: d499 4207 

  0x00007fa1f4f5b30c: ;   {post_call_nop}
  0x00007fa1f4f5b30c: 0f1f 8400 | 0414 000b 

  0x00007fa1f4f5b314: ; implicit exception: dispatches to 0x00007fa1f4f5ba97
                      ; ImmutableOopMap {rax=Oop [168]=Oop [184]=Oop [192]=Oop [200]=Oop [208]=Oop }
                      ;*athrow {reexecute=1 rethrow=0 return_oop=0}
                      ; - (reexecute) java.lang.invoke.Invokers::checkExactType@15
                      ; - java.lang.invoke.LambdaForm$MH/0x0000000010146c00::invokeExact_MT@11
                      ; - jdk.internal.reflect.DirectMethodHandleAccessor::invokeImpl@72
                      ; - jdk.internal.reflect.DirectMethodHandleAccessor::invoke@23
                      ;   {section_word}
  0x00007fa1f4f5b314: 483b 0048 | ba17 b3f5 | f4a1 7f00 

  0x00007fa1f4f5b320: ;   {runtime_call C1 Runtime handle_exception_nofpu_blob}
  0x00007fa1f4f5b320: 00e8 ba50 | 4f07 9049 | 8b87 e005 | 0000 4d33 | d24d 8997 | e005 0000 | 4d33 d24d | 8997 e805 
  0x00007fa1f4f5b340: 0000 488b | b424 a800 

  0x00007fa1f4f5b348: ;   {metadata(method data for {method} {0x00007fa1d0466f10} 'invoke' '(Ljava/lang/Object;[Ljava/lang/Object;)Ljava/lang/Object;' in 'jdk/internal/reflect/DirectMethodHandleAccessor')}
  0x00007fa1f4f5b348: 0000 48ba | 9828 bdd0 | a17f 0000 | 4883 8208 | 0200 0001 

  0x00007fa1f4f5b35c: ;   {metadata(method data for {method} {0x00007fa1d0467580} 'isIllegalArgument' '(Ljava/lang/RuntimeException;)Z' in 'jdk/internal/reflect/DirectMethodHandleAccessor')}
  0x00007fa1f4f5b35c: 48be 307b | bdd0 a17f | 0000 8b96 | 9000 0000 | 83c2 0289 | 9690 0000 | 0081 e2fe | ff1f 0085 
  0x00007fa1f4f5b37c: d20f 8419 

  0x00007fa1f4f5b380: ;   {oop(a 'java/lang/Class'{0x00000000c032e0b0} = 'jdk/internal/reflect/DirectMethodHandleAccessor')}
  0x00007fa1f4f5b380: 0700 0048 | beb0 e032 | c000 0000 | 0048 8bd0 | 4889 8424 | e000 0000 | 0f1f 8000 

  0x00007fa1f4f5b39c: ;   {static_call}
  0x00007fa1f4f5b39c: 0000 00e8 

  0x00007fa1f4f5b3a0: ; ImmutableOopMap {[224]=Oop }
                      ;*invokestatic isIllegalArgument {reexecute=0 rethrow=0 return_oop=0}
                      ; - jdk.internal.reflect.DirectMethodHandleAccessor::isIllegalArgument@3
                      ; - jdk.internal.reflect.DirectMethodHandleAccessor::invoke@58
  0x00007fa1f4f5b3a0: 3c99 4207 

  0x00007fa1f4f5b3a4: ;   {post_call_nop}
  0x00007fa1f4f5b3a4: 0f1f 8400 | 9c14 000d | 83e0 0185 

  0x00007fa1f4f5b3b0: ;   {metadata(method data for {method} {0x00007fa1d0466f10} 'invoke' '(Ljava/lang/Object;[Ljava/lang/Object;)Ljava/lang/Object;' in 'jdk/internal/reflect/DirectMethodHandleAccessor')}
  0x00007fa1f4f5b3b0: c048 b898 | 28bd d0a1 | 7f00 00be | 3802 0000 | 7405 be48 | 0200 0048 | 8b14 3048 | 8d52 0148 
  0x00007fa1f4f5b3d0: 8914 300f | 8488 0200 | 00e9 eb01 | 0000 488b | b424 a800 | 0000 498b | 87e0 0500 | 004d 33d2 
  0x00007fa1f4f5b3f0: 4d89 97e0 | 0500 004d | 33d2 4d89 | 97e8 0500 

  0x00007fa1f4f5b400: ;   {metadata(method data for {method} {0x00007fa1d0466f10} 'invoke' '(Ljava/lang/Object;[Ljava/lang/Object;)Ljava/lang/Object;' in 'jdk/internal/reflect/DirectMethodHandleAccessor')}
  0x00007fa1f4f5b400: 0048 ba98 | 28bd d0a1 | 7f00 0048 | 8382 9801 

  0x00007fa1f4f5b410: ;   {metadata(method data for {method} {0x00007fa1d0467580} 'isIllegalArgument' '(Ljava/lang/RuntimeException;)Z' in 'jdk/internal/reflect/DirectMethodHandleAccessor')}
  0x00007fa1f4f5b410: 0000 0148 | be30 7bbd | d0a1 7f00 | 008b 9690 | 0000 0083 | c202 8996 | 9000 0000 | 81e2 feff 
  0x00007fa1f4f5b430: 1f00 85d2 | 0f84 8306 

  0x00007fa1f4f5b438: ;   {oop(a 'java/lang/Class'{0x00000000c032e0b0} = 'jdk/internal/reflect/DirectMethodHandleAccessor')}
  0x00007fa1f4f5b438: 0000 48be | b0e0 32c0 | 0000 0000 | 488b d048 | 8984 24e8 

  0x00007fa1f4f5b44c: ;   {static_call}
  0x00007fa1f4f5b44c: 0000 00e8 

  0x00007fa1f4f5b450: ; ImmutableOopMap {[232]=Oop }
                      ;*invokestatic isIllegalArgument {reexecute=0 rethrow=0 return_oop=0}
                      ; - jdk.internal.reflect.DirectMethodHandleAccessor::isIllegalArgument@3
                      ; - jdk.internal.reflect.DirectMethodHandleAccessor::invoke@30
  0x00007fa1f4f5b450: 8c98 4207 

  0x00007fa1f4f5b454: ;   {post_call_nop}
  0x00007fa1f4f5b454: 0f1f 8400 | 4c15 000e | 83e0 0185 

  0x00007fa1f4f5b460: ;   {metadata(method data for {method} {0x00007fa1d0466f10} 'invoke' '(Ljava/lang/Object;[Ljava/lang/Object;)Ljava/lang/Object;' in 'jdk/internal/reflect/DirectMethodHandleAccessor')}
  0x00007fa1f4f5b460: c048 ba98 | 28bd d0a1 | 7f00 00be | c801 0000 | 7405 bed8 | 0100 0048 | 8b3c 3248 | 8d7f 0148 
  0x00007fa1f4f5b480: 893c 320f | 8498 0000 | 000f 1f80 | 0000 0000 

  0x00007fa1f4f5b490: ;   {other}
  0x00007fa1f4f5b490: e958 0600 | 0000 0000 | 0000 498b | 87c8 0100 | 0048 8d78 | 2849 3bbf | d801 0000 | 0f87 4506 
  0x00007fa1f4f5b4b0: 0000 4989 | bfc8 0100 | 0048 c700 | 0100 0000 | 488b ca89 | 4808 4833 | c989 480c | 4833 c948 
  0x00007fa1f4f5b4d0: 8948 1048 | 8948 1848 | 8948 2048 

  0x00007fa1f4f5b4dc: ;   {metadata(method data for {method} {0x00007fa1d0466f10} 'invoke' '(Ljava/lang/Object;[Ljava/lang/Object;)Ljava/lang/Object;' in 'jdk/internal/reflect/DirectMethodHandleAccessor')}
  0x00007fa1f4f5b4dc: 8bd0 48be | 9828 bdd0 | a17f 0000 | 4883 86e8 | 0100 0001 

  0x00007fa1f4f5b4f0: ;   {oop("argument type mismatch"{0x00000000c032a168})}
  0x00007fa1f4f5b4f0: 48ba 68a1 | 32c0 0000 | 0000 488b | f048 8984 | 24f0 0000 

  0x00007fa1f4f5b504: ;   {optimized virtual_call}
  0x00007fa1f4f5b504: 0066 90e8 

  0x00007fa1f4f5b508: ; ImmutableOopMap {[240]=Oop }
                      ;*invokespecial <init> {reexecute=0 rethrow=0 return_oop=0}
                      ; - jdk.internal.reflect.DirectMethodHandleAccessor::invoke@42
  0x00007fa1f4f5b508: d491 4207 

  0x00007fa1f4f5b50c: ;   {post_call_nop}
  0x00007fa1f4f5b50c: 0f1f 8400 | 0416 000f | 488b 8424 | f000 0000 | e9a7 0600 | 0048 8b9c | 24e8 0000 | 000f 1f80 
  0x00007fa1f4f5b52c: 0000 0000 

  0x00007fa1f4f5b530: ;   {other}
  0x00007fa1f4f5b530: e9de 0500 | 0000 0000 | 0000 80ba | 3001 0000 | 040f 85db | 0500 0049 | 8b87 c801 | 0000 488d 
  0x00007fa1f4f5b550: 7828 493b | bfd8 0100 | 000f 87c3 | 0500 0049 | 89bf c801 | 0000 48c7 | 0001 0000 | 0048 8bca 
  0x00007fa1f4f5b570: 8948 0848 | 33c9 8948 | 0c48 33c9 | 4889 4810 | 4889 4818 | 4889 4820 

  0x00007fa1f4f5b588: ;   {metadata(method data for {method} {0x00007fa1d0466f10} 'invoke' '(Ljava/lang/Object;[Ljava/lang/Object;)Ljava/lang/Object;' in 'jdk/internal/reflect/DirectMethodHandleAccessor')}
  0x00007fa1f4f5b588: 488b d048 | be98 28bd | d0a1 7f00 | 0048 8386 | f801 0000 | 0148 8bd3 | 488b f048 | 8984 24f8 
  0x00007fa1f4f5b5a8: 0000 000f 

  0x00007fa1f4f5b5ac: ;   {optimized virtual_call}
  0x00007fa1f4f5b5ac: 1f40 00e8 

  0x00007fa1f4f5b5b0: ; ImmutableOopMap {[248]=Oop }
                      ;*invokespecial <init> {reexecute=0 rethrow=0 return_oop=0}
                      ; - jdk.internal.reflect.DirectMethodHandleAccessor::invoke@51
  0x00007fa1f4f5b5b0: 2c91 4207 

  0x00007fa1f4f5b5b4: ;   {post_call_nop}
  0x00007fa1f4f5b5b4: 0f1f 8400 | ac16 0010 | 488b 8424 | f800 0000 | e9ff 0500 | 000f 1f80 | 0000 0000 

  0x00007fa1f4f5b5d0: ;   {other}
  0x00007fa1f4f5b5d0: e969 0500 | 0000 0000 | 0000 498b | 87c8 0100 | 0048 8d78 | 2849 3bbf | d801 0000 | 0f87 5605 
  0x00007fa1f4f5b5f0: 0000 4989 | bfc8 0100 | 0048 c700 | 0100 0000 | 488b ca89 | 4808 4833 | c989 480c | 4833 c948 
  0x00007fa1f4f5b610: 8948 1048 | 8948 1848 | 8948 2048 

  0x00007fa1f4f5b61c: ;   {metadata(method data for {method} {0x00007fa1d0466f10} 'invoke' '(Ljava/lang/Object;[Ljava/lang/Object;)Ljava/lang/Object;' in 'jdk/internal/reflect/DirectMethodHandleAccessor')}
  0x00007fa1f4f5b61c: 8bd0 48be | 9828 bdd0 | a17f 0000 | 4883 8658 | 0200 0001 | 488b 9424 | e000 0000 | 488b f048 
  0x00007fa1f4f5b63c: 8984 2400 | 0100 000f 

  0x00007fa1f4f5b644: ;   {optimized virtual_call}
  0x00007fa1f4f5b644: 1f40 00e8 

  0x00007fa1f4f5b648: ; ImmutableOopMap {[256]=Oop }
                      ;*invokespecial <init> {reexecute=0 rethrow=0 return_oop=0}
                      ; - jdk.internal.reflect.DirectMethodHandleAccessor::invoke@69
  0x00007fa1f4f5b648: 9490 4207 

  0x00007fa1f4f5b64c: ;   {post_call_nop}
  0x00007fa1f4f5b64c: 0f1f 8400 | 4417 0011 | 488b 8424 | 0001 0000 | e967 0500 | 0048 8b9c | 24e0 0000 | 000f 1f80 
  0x00007fa1f4f5b66c: 0000 0000 

  0x00007fa1f4f5b670: ;   {other}
  0x00007fa1f4f5b670: e9ef 0400 | 0000 0000 | 0000 80ba | 3001 0000 | 040f 85ec | 0400 0049 | 8b87 c801 | 0000 488d 
  0x00007fa1f4f5b690: 7828 493b | bfd8 0100 | 000f 87d4 | 0400 0049 | 89bf c801 | 0000 48c7 | 0001 0000 | 0048 8bca 
  0x00007fa1f4f5b6b0: 8948 0848 | 33c9 8948 | 0c48 33c9 | 4889 4810 | 4889 4818 | 4889 4820 

  0x00007fa1f4f5b6c8: ;   {metadata(method data for {method} {0x00007fa1d0466f10} 'invoke' '(Ljava/lang/Object;[Ljava/lang/Object;)Ljava/lang/Object;' in 'jdk/internal/reflect/DirectMethodHandleAccessor')}
  0x00007fa1f4f5b6c8: 488b d048 | be98 28bd | d0a1 7f00 | 0048 8386 | 6802 0000 | 0148 8bd3 | 488b f048 | 8984 2408 
  0x00007fa1f4f5b6e8: 0100 000f 

  0x00007fa1f4f5b6ec: ;   {optimized virtual_call}
  0x00007fa1f4f5b6ec: 1f40 00e8 

  0x00007fa1f4f5b6f0: ; ImmutableOopMap {[264]=Oop }
                      ;*invokespecial <init> {reexecute=0 rethrow=0 return_oop=0}
                      ; - jdk.internal.reflect.DirectMethodHandleAccessor::invoke@78
  0x00007fa1f4f5b6f0: ec8f 4207 

  0x00007fa1f4f5b6f4: ;   {post_call_nop}
  0x00007fa1f4f5b6f4: 0f1f 8400 | ec17 0012 | 488b 8424 | 0801 0000 | e9bf 0400 | 0049 8b87 | e005 0000 | 4d33 d24d 
  0x00007fa1f4f5b714: 8997 e005 | 0000 4d33 | d24d 8997 | e805 0000 | 488b d890 

  0x00007fa1f4f5b728: ;   {metadata('java/lang/reflect/InvocationTargetException')}
  0x00007fa1f4f5b728: 48ba a054 | 0d10 0000 | 0000 80ba | 3001 0000 | 040f 855f | 0400 0049 | 8b87 c801 | 0000 488d 
  0x00007fa1f4f5b748: 7828 493b | bfd8 0100 | 000f 8747 | 0400 0049 | 89bf c801 | 0000 48c7 | 0001 0000 | 0048 8bca 
  0x00007fa1f4f5b768: 8948 0848 | 33c9 8948 | 0c48 33c9 | 4889 4810 | 4889 4818 | 4889 4820 

  0x00007fa1f4f5b780: ;   {metadata(method data for {method} {0x00007fa1d0466f10} 'invoke' '(Ljava/lang/Object;[Ljava/lang/Object;)Ljava/lang/Object;' in 'jdk/internal/reflect/DirectMethodHandleAccessor')}
  0x00007fa1f4f5b780: 488b d048 | be98 28bd | d0a1 7f00 | 0048 8386 | 7802 0000 | 0148 8bd3 | 488b f048 | 8984 2410 
  0x00007fa1f4f5b7a0: 0100 000f 

  0x00007fa1f4f5b7a4: ;   {optimized virtual_call}
  0x00007fa1f4f5b7a4: 1f40 00e8 

  0x00007fa1f4f5b7a8: ; ImmutableOopMap {[272]=Oop }
                      ;*invokespecial <init> {reexecute=0 rethrow=0 return_oop=0}
                      ; - jdk.internal.reflect.DirectMethodHandleAccessor::invoke@88
  0x00007fa1f4f5b7a8: a104 0000 

  0x00007fa1f4f5b7ac: ;   {post_call_nop}
  0x00007fa1f4f5b7ac: 0f1f 8400 | a418 0013 | 488b 8424 | 1001 0000 | e907 0400 

  0x00007fa1f4f5b7c0: ;   {metadata({method} {0x00007fa1d0466f10} 'invoke' '(Ljava/lang/Object;[Ljava/lang/Object;)Ljava/lang/Object;' in 'jdk/internal/reflect/DirectMethodHandleAccessor')}
  0x00007fa1f4f5b7c0: 0049 ba10 | 6f46 d0a1 | 7f00 004c | 8954 2408 | 48c7 0424 | ffff ffff 

  0x00007fa1f4f5b7d8: ;   {runtime_call C1 Runtime counter_overflow_blob}
  0x00007fa1f4f5b7d8: e803 864f 

  0x00007fa1f4f5b7dc: ; ImmutableOopMap {rsi=Oop rdx=Oop rcx=Oop [168]=Oop [184]=Oop }
                      ;*synchronization entry
                      ; - jdk.internal.reflect.DirectMethodHandleAccessor::invoke@-1
  0x00007fa1f4f5b7dc: 07e9 94e8 

  0x00007fa1f4f5b7e0: ;   {metadata({method} {0x00007fa1d0467420} 'isStatic' '()Z' in 'jdk/internal/reflect/DirectMethodHandleAccessor')}
  0x00007fa1f4f5b7e0: ffff 49ba | 2074 46d0 | a17f 0000 | 4c89 5424 | 0848 c704 | 24ff ffff 

  0x00007fa1f4f5b7f8: ;   {runtime_call C1 Runtime counter_overflow_blob}
  0x00007fa1f4f5b7f8: ffe8 e285 

  0x00007fa1f4f5b7fc: ; ImmutableOopMap {rsi=Oop rdx=Oop rcx=Oop [168]=Oop [184]=Oop }
                      ;*synchronization entry
                      ; - jdk.internal.reflect.DirectMethodHandleAccessor::isStatic@-1
                      ; - jdk.internal.reflect.DirectMethodHandleAccessor::invoke@1
  0x00007fa1f4f5b7fc: 4f07 e9af 

  0x00007fa1f4f5b800: ;   {metadata({method} {0x00007fa1d04671e8} 'invokeImpl' '(Ljava/lang/Object;[Ljava/lang/Object;)Ljava/lang/Object;' in 'jdk/internal/reflect/DirectMethodHandleAccessor')}
  0x00007fa1f4f5b800: e8ff ff49 | bae8 7146 | d0a1 7f00 | 004c 8954 | 2408 48c7 | 0424 ffff 

  0x00007fa1f4f5b818: ;   {runtime_call C1 Runtime counter_overflow_blob}
  0x00007fa1f4f5b818: ffff e8c1 

  0x00007fa1f4f5b81c: ; ImmutableOopMap {rsi=Oop [168]=Oop [176]=Oop [184]=Oop }
                      ;*synchronization entry
                      ; - jdk.internal.reflect.DirectMethodHandleAccessor::invokeImpl@-1
                      ; - jdk.internal.reflect.DirectMethodHandleAccessor::invoke@23
  0x00007fa1f4f5b81c: 854f 07e9 | c4e9 ffff | 49b8 0000 | 0000 0000 | 0000 b800 

  0x00007fa1f4f5b830: ;   {runtime_call C1 Runtime load_appendix_patching_blob}
  0x00007fa1f4f5b830: 0f05 0ae8 

  0x00007fa1f4f5b834: ; ImmutableOopMap {rsi=Oop rdx=Oop rcx=Oop rdi=Oop [168]=Oop [184]=Oop }
                      ;*invokevirtual invokeExact {reexecute=1 rethrow=0 return_oop=0}
                      ; - (reexecute) jdk.internal.reflect.DirectMethodHandleAccessor::invokeImpl@104
                      ; - jdk.internal.reflect.DirectMethodHandleAccessor::invoke@23
  0x00007fa1f4f5b834: a87e 4f07 | e94b eaff 

  0x00007fa1f4f5b83c: ;   {runtime_call C1 Runtime throw_null_pointer_exception_blob}
  0x00007fa1f4f5b83c: ffe8 9e33 

  0x00007fa1f4f5b840: ; ImmutableOopMap {rsi=Oop rdx=Oop rcx=Oop rdi=Oop r8=Oop [168]=Oop [184]=Oop }
                      ;*invokevirtual invokeExact {reexecute=0 rethrow=0 return_oop=0}
                      ; - jdk.internal.reflect.DirectMethodHandleAccessor::invokeImpl@104
                      ; - jdk.internal.reflect.DirectMethodHandleAccessor::invoke@23
                      ;   {internal_word}
  0x00007fa1f4f5b840: 4f07 49ba | 3ea4 f5f4 | a17f 0000 | 4d89 9738 

  0x00007fa1f4f5b850: ;   {runtime_call SafepointBlob}
  0x00007fa1f4f5b850: 0500 00e9 | 08b0 4207 

  0x00007fa1f4f5b858: ;   {runtime_call C1 Runtime throw_null_pointer_exception_blob}
  0x00007fa1f4f5b858: e883 334f 

  0x00007fa1f4f5b85c: ; ImmutableOopMap {rsi=Oop rdx=Oop rcx=Oop rbx=Oop [168]=Oop [184]=Oop }
                      ;*aaload {reexecute=0 rethrow=0 return_oop=0}
                      ; - jdk.internal.reflect.DirectMethodHandleAccessor::invokeImpl@85
                      ; - jdk.internal.reflect.DirectMethodHandleAccessor::invoke@23
                      ;   {runtime_call C1 Runtime throw_null_pointer_exception_blob}
  0x00007fa1f4f5b85c: 07e8 7e33 

  0x00007fa1f4f5b860: ; ImmutableOopMap {rsi=Oop rdx=Oop rcx=Oop rbx=Oop [168]=Oop [184]=Oop }
                      ;*aaload {reexecute=0 rethrow=0 return_oop=0}
                      ; - jdk.internal.reflect.DirectMethodHandleAccessor::invokeImpl@85
                      ; - jdk.internal.reflect.DirectMethodHandleAccessor::invoke@23
  0x00007fa1f4f5b860: 4f07 48c7 | 0424 0000 | 0000 4889 

  0x00007fa1f4f5b86c: ;   {runtime_call C1 Runtime throw_range_check_failed_blob}
  0x00007fa1f4f5b86c: 4c24 08e8 

  0x00007fa1f4f5b870: ; ImmutableOopMap {rsi=Oop rdx=Oop rcx=Oop rbx=Oop [168]=Oop [184]=Oop }
                      ;*aaload {reexecute=0 rethrow=0 return_oop=0}
                      ; - jdk.internal.reflect.DirectMethodHandleAccessor::invokeImpl@85
                      ; - jdk.internal.reflect.DirectMethodHandleAccessor::invoke@23
  0x00007fa1f4f5b870: 6c2a 4f07 | 48c7 0424 | 0100 0000 | 4889 4c24 

  0x00007fa1f4f5b880: ;   {runtime_call C1 Runtime throw_range_check_failed_blob}
  0x00007fa1f4f5b880: 08e8 5a2a 

  0x00007fa1f4f5b884: ; ImmutableOopMap {rsi=Oop rdx=Oop rcx=Oop rbx=Oop r8=Oop [168]=Oop [184]=Oop }
                      ;*aaload {reexecute=0 rethrow=0 return_oop=0}
                      ; - jdk.internal.reflect.DirectMethodHandleAccessor::invokeImpl@88
                      ; - jdk.internal.reflect.DirectMethodHandleAccessor::invoke@23
  0x00007fa1f4f5b884: 4f07 48c7 | 0424 0200 | 0000 4889 

  0x00007fa1f4f5b890: ;   {runtime_call C1 Runtime throw_range_check_failed_blob}
  0x00007fa1f4f5b890: 4c24 08e8 

  0x00007fa1f4f5b894: ; ImmutableOopMap {rsi=Oop rdx=Oop rcx=Oop rbx=Oop r8=Oop r9=Oop [168]=Oop [184]=Oop }
                      ;*aaload {reexecute=0 rethrow=0 return_oop=0}
                      ; - jdk.internal.reflect.DirectMethodHandleAccessor::invokeImpl@91
                      ; - jdk.internal.reflect.DirectMethodHandleAccessor::invoke@23
  0x00007fa1f4f5b894: 482a 4f07 | 48b8 e8b5 | 17c0 0000 | 0000 b800 

  0x00007fa1f4f5b8a4: ;   {runtime_call C1 Runtime load_appendix_patching_blob}
  0x00007fa1f4f5b8a4: 0f05 0ae8 

  0x00007fa1f4f5b8a8: ; ImmutableOopMap {rsi=Oop rdx=Oop rbx=Oop r8=Oop r9=Oop rdi=Oop [168]=Oop [184]=Oop }
                      ;*invokevirtual invokeExact {reexecute=1 rethrow=0 return_oop=0}
                      ; - (reexecute) jdk.internal.reflect.DirectMethodHandleAccessor::invokeImpl@92
                      ; - jdk.internal.reflect.DirectMethodHandleAccessor::invoke@23
  0x00007fa1f4f5b8a8: 347e 4f07 | e9d7 ebff 

  0x00007fa1f4f5b8b0: ;   {runtime_call C1 Runtime throw_null_pointer_exception_blob}
  0x00007fa1f4f5b8b0: ffe8 2a33 

  0x00007fa1f4f5b8b4: ; ImmutableOopMap {rsi=Oop rdx=Oop rbx=Oop r8=Oop r9=Oop rdi=Oop rax=Oop [168]=Oop [184]=Oop }
                      ;*invokevirtual invokeExact {reexecute=0 rethrow=0 return_oop=0}
                      ; - jdk.internal.reflect.DirectMethodHandleAccessor::invokeImpl@92
                      ; - jdk.internal.reflect.DirectMethodHandleAccessor::invoke@23
                      ;   {internal_word}
  0x00007fa1f4f5b8b4: 4f07 49ba | 5fa6 f5f4 | a17f 0000 | 4d89 9738 

  0x00007fa1f4f5b8c4: ;   {runtime_call SafepointBlob}
  0x00007fa1f4f5b8c4: 0500 00e9 | 94af 4207 

  0x00007fa1f4f5b8cc: ;   {runtime_call C1 Runtime throw_null_pointer_exception_blob}
  0x00007fa1f4f5b8cc: e80f 334f 

  0x00007fa1f4f5b8d0: ; ImmutableOopMap {rsi=Oop rcx=Oop rdx=Oop rdi=Oop [168]=Oop [184]=Oop [200]=Oop }
                      ;*aaload {reexecute=0 rethrow=0 return_oop=0}
                      ; - jdk.internal.reflect.DirectMethodHandleAccessor::invokeImpl@68
                      ; - jdk.internal.reflect.DirectMethodHandleAccessor::invoke@23
                      ;   {runtime_call C1 Runtime throw_null_pointer_exception_blob}
  0x00007fa1f4f5b8d0: 07e8 0a33 

  0x00007fa1f4f5b8d4: ; ImmutableOopMap {rsi=Oop rcx=Oop rdx=Oop rdi=Oop [168]=Oop [184]=Oop [200]=Oop }
                      ;*aaload {reexecute=0 rethrow=0 return_oop=0}
                      ; - jdk.internal.reflect.DirectMethodHandleAccessor::invokeImpl@68
                      ; - jdk.internal.reflect.DirectMethodHandleAccessor::invoke@23
  0x00007fa1f4f5b8d4: 4f07 48c7 | 0424 0000 | 0000 4889 

  0x00007fa1f4f5b8e0: ;   {runtime_call C1 Runtime throw_range_check_failed_blob}
  0x00007fa1f4f5b8e0: 4c24 08e8 

  0x00007fa1f4f5b8e4: ; ImmutableOopMap {rsi=Oop rcx=Oop rdx=Oop rdi=Oop [168]=Oop [184]=Oop [200]=Oop }
                      ;*aaload {reexecute=0 rethrow=0 return_oop=0}
                      ; - jdk.internal.reflect.DirectMethodHandleAccessor::invokeImpl@68
                      ; - jdk.internal.reflect.DirectMethodHandleAccessor::invoke@23
  0x00007fa1f4f5b8e4: f829 4f07 | 48c7 0424 | 0100 0000 | 4889 4c24 

  0x00007fa1f4f5b8f4: ;   {runtime_call C1 Runtime throw_range_check_failed_blob}
  0x00007fa1f4f5b8f4: 08e8 e629 

  0x00007fa1f4f5b8f8: ; ImmutableOopMap {rsi=Oop rcx=Oop rdx=Oop rdi=Oop rbx=Oop [168]=Oop [184]=Oop [192]=Oop [200]=Oop }
                      ;*aaload {reexecute=0 rethrow=0 return_oop=0}
                      ; - jdk.internal.reflect.DirectMethodHandleAccessor::invokeImpl@71
                      ; - jdk.internal.reflect.DirectMethodHandleAccessor::invoke@23
                      ;   {metadata({method} {0x00007fa1d0b19ab0} 'invokeExact_MT' '(Ljava/lang/Object;Ljava/lang/Object;Ljava/lang/Object;Ljava/lang/Object;Ljava/lang/Object;)Ljava/lang/Object;' in 'java/lang/invoke/LambdaForm$MH+0x0000000010146c00')}
  0x00007fa1f4f5b8f8: 4f07 49ba | b09a b1d0 | a17f 0000 | 4c89 5424 | 0848 c704 | 24ff ffff 

  0x00007fa1f4f5b910: ;   {runtime_call C1 Runtime counter_overflow_blob}
  0x00007fa1f4f5b910: ffe8 ca84 

  0x00007fa1f4f5b914: ; ImmutableOopMap {rsi=Oop rdx=Oop rdi=Oop rbx=Oop rax=Oop [168]=Oop [184]=Oop [192]=Oop [200]=Oop [208]=Oop }
                      ;*synchronization entry
                      ; - java.lang.invoke.LambdaForm$MH/0x0000000010146c00::invokeExact_MT@-1
                      ; - jdk.internal.reflect.DirectMethodHandleAccessor::invokeImpl@72
                      ; - jdk.internal.reflect.DirectMethodHandleAccessor::invoke@23
  0x00007fa1f4f5b914: 4f07 e9e3 

  0x00007fa1f4f5b918: ;   {metadata({method} {0x00007fa1d036ac88} 'checkExactType' '(Ljava/lang/invoke/MethodHandle;Ljava/lang/invoke/MethodType;)V' in 'java/lang/invoke/Invokers')}
  0x00007fa1f4f5b918: eeff ff49 | ba88 ac36 | d0a1 7f00 | 004c 8954 | 2408 48c7 | 0424 ffff 

  0x00007fa1f4f5b930: ;   {runtime_call C1 Runtime counter_overflow_blob}
  0x00007fa1f4f5b930: ffff e8a9 

  0x00007fa1f4f5b934: ; ImmutableOopMap {rsi=Oop rdx=Oop rdi=Oop rbx=Oop rax=Oop [168]=Oop [184]=Oop [192]=Oop [200]=Oop [208]=Oop }
                      ;*synchronization entry
                      ; - java.lang.invoke.Invokers::checkExactType@-1
                      ; - java.lang.invoke.LambdaForm$MH/0x0000000010146c00::invokeExact_MT@11
                      ; - jdk.internal.reflect.DirectMethodHandleAccessor::invokeImpl@72
                      ; - jdk.internal.reflect.DirectMethodHandleAccessor::invoke@23
  0x00007fa1f4f5b934: 844f 07e9 | 63ef ffff 

  0x00007fa1f4f5b93c: ;   {runtime_call C1 Runtime throw_null_pointer_exception_blob}
  0x00007fa1f4f5b93c: e89f 324f 

  0x00007fa1f4f5b940: ; ImmutableOopMap {rsi=Oop rdx=Oop rdi=Oop rbx=Oop rax=Oop [168]=Oop [184]=Oop [192]=Oop [200]=Oop [208]=Oop }
                      ;*invokevirtual type {reexecute=0 rethrow=0 return_oop=0}
                      ; - java.lang.invoke.Invokers::checkExactType@1
                      ; - java.lang.invoke.LambdaForm$MH/0x0000000010146c00::invokeExact_MT@11
                      ; - jdk.internal.reflect.DirectMethodHandleAccessor::invokeImpl@72
                      ; - jdk.internal.reflect.DirectMethodHandleAccessor::invoke@23
                      ;   {metadata({method} {0x00007fa1d036b2d0} 'checkCustomized' '(Ljava/lang/invoke/MethodHandle;)V' in 'java/lang/invoke/Invokers')}
  0x00007fa1f4f5b940: 0749 bad0 | b236 d0a1 | 7f00 004c | 8954 2408 | 48c7 0424 | ffff ffff 

  0x00007fa1f4f5b958: ;   {runtime_call C1 Runtime counter_overflow_blob}
  0x00007fa1f4f5b958: e883 844f 

  0x00007fa1f4f5b95c: ; ImmutableOopMap {rsi=Oop rdx=Oop rdi=Oop rbx=Oop rax=Oop [168]=Oop [184]=Oop [192]=Oop [200]=Oop [208]=Oop }
                      ;*synchronization entry
                      ; - java.lang.invoke.Invokers::checkCustomized@-1
                      ; - java.lang.invoke.LambdaForm$MH/0x0000000010146c00::invokeExact_MT@15
                      ; - jdk.internal.reflect.DirectMethodHandleAccessor::invokeImpl@72
                      ; - jdk.internal.reflect.DirectMethodHandleAccessor::invoke@23
  0x00007fa1f4f5b95c: 07e9 8ef0 

  0x00007fa1f4f5b960: ;   {metadata({method} {0x00007fa1d008fb80} 'isCompileConstant' '(Ljava/lang/Object;)Z' in 'java/lang/invoke/MethodHandleImpl')}
  0x00007fa1f4f5b960: ffff 49ba | 80fb 08d0 | a17f 0000 | 4c89 5424 | 0848 c704 | 24ff ffff 

  0x00007fa1f4f5b978: ;   {runtime_call C1 Runtime counter_overflow_blob}
  0x00007fa1f4f5b978: ffe8 6284 

  0x00007fa1f4f5b97c: ; ImmutableOopMap {rsi=Oop rdx=Oop rdi=Oop rbx=Oop rax=Oop [168]=Oop [184]=Oop [192]=Oop [200]=Oop [208]=Oop }
                      ;*synchronization entry
                      ; - java.lang.invoke.MethodHandleImpl::isCompileConstant@-1
                      ; - java.lang.invoke.Invokers::checkCustomized@1
                      ; - java.lang.invoke.LambdaForm$MH/0x0000000010146c00::invokeExact_MT@15
                      ; - jdk.internal.reflect.DirectMethodHandleAccessor::invokeImpl@72
                      ; - jdk.internal.reflect.DirectMethodHandleAccessor::invoke@23
  0x00007fa1f4f5b97c: 4f07 e9ab 

  0x00007fa1f4f5b980: ;   {runtime_call C1 Runtime throw_null_pointer_exception_blob}
  0x00007fa1f4f5b980: f0ff ffe8 

  0x00007fa1f4f5b984: ; ImmutableOopMap {rsi=Oop rdx=Oop rdi=Oop rbx=Oop rax=Oop [168]=Oop [184]=Oop [192]=Oop [200]=Oop [208]=Oop }
                      ;*getfield customized {reexecute=1 rethrow=0 return_oop=0}
                      ; - (reexecute) java.lang.invoke.Invokers::checkCustomized@12
                      ; - java.lang.invoke.LambdaForm$MH/0x0000000010146c00::invokeExact_MT@15
                      ; - jdk.internal.reflect.DirectMethodHandleAccessor::invokeImpl@72
                      ; - jdk.internal.reflect.DirectMethodHandleAccessor::invoke@23
  0x00007fa1f4f5b984: 5832 4f07 

  0x00007fa1f4f5b988: ;   {internal_word}
  0x00007fa1f4f5b988: 49ba d0ac | f5f4 a17f | 0000 4d89 | 9738 0500 

  0x00007fa1f4f5b998: ;   {runtime_call SafepointBlob}
  0x00007fa1f4f5b998: 00e9 c2ae 

  0x00007fa1f4f5b99c: ;   {runtime_call C1 Runtime throw_null_pointer_exception_blob}
  0x00007fa1f4f5b99c: 4207 e83d 

  0x00007fa1f4f5b9a0: ; ImmutableOopMap {rsi=Oop rcx=Oop rdx=Oop rdi=Oop [168]=Oop [184]=Oop }
                      ;*aaload {reexecute=0 rethrow=0 return_oop=0}
                      ; - jdk.internal.reflect.DirectMethodHandleAccessor::invokeImpl@54
                      ; - jdk.internal.reflect.DirectMethodHandleAccessor::invoke@23
                      ;   {runtime_call C1 Runtime throw_null_pointer_exception_blob}
  0x00007fa1f4f5b9a0: 324f 07e8 

  0x00007fa1f4f5b9a4: ; ImmutableOopMap {rsi=Oop rcx=Oop rdx=Oop rdi=Oop [168]=Oop [184]=Oop }
                      ;*aaload {reexecute=0 rethrow=0 return_oop=0}
                      ; - jdk.internal.reflect.DirectMethodHandleAccessor::invokeImpl@54
                      ; - jdk.internal.reflect.DirectMethodHandleAccessor::invoke@23
  0x00007fa1f4f5b9a4: 3832 4f07 | 48c7 0424 | 0000 0000 | 4889 4c24 

  0x00007fa1f4f5b9b4: ;   {runtime_call C1 Runtime throw_range_check_failed_blob}
  0x00007fa1f4f5b9b4: 08e8 2629 

  0x00007fa1f4f5b9b8: ; ImmutableOopMap {rsi=Oop rcx=Oop rdx=Oop rdi=Oop [168]=Oop [184]=Oop }
                      ;*aaload {reexecute=0 rethrow=0 return_oop=0}
                      ; - jdk.internal.reflect.DirectMethodHandleAccessor::invokeImpl@54
                      ; - jdk.internal.reflect.DirectMethodHandleAccessor::invoke@23
  0x00007fa1f4f5b9b8: 4f07 49b8 | 60c4 f5c3 | 0000 0000 | b800 0f05 

  0x00007fa1f4f5b9c8: ;   {runtime_call C1 Runtime load_appendix_patching_blob}
  0x00007fa1f4f5b9c8: 0ae8 127d 

  0x00007fa1f4f5b9cc: ; ImmutableOopMap {rsi=Oop rdx=Oop rdi=Oop rcx=Oop [168]=Oop [184]=Oop }
                      ;*invokevirtual invokeExact {reexecute=1 rethrow=0 return_oop=0}
                      ; - (reexecute) jdk.internal.reflect.DirectMethodHandleAccessor::invokeImpl@55
                      ; - jdk.internal.reflect.DirectMethodHandleAccessor::invoke@23
  0x00007fa1f4f5b9cc: 4f07 e92d 

  0x00007fa1f4f5b9d0: ;   {runtime_call C1 Runtime throw_null_pointer_exception_blob}
  0x00007fa1f4f5b9d0: f3ff ffe8 

  0x00007fa1f4f5b9d4: ; ImmutableOopMap {rsi=Oop rdx=Oop rdi=Oop rcx=Oop r8=Oop [168]=Oop [184]=Oop }
                      ;*invokevirtual invokeExact {reexecute=0 rethrow=0 return_oop=0}
                      ; - jdk.internal.reflect.DirectMethodHandleAccessor::invokeImpl@55
                      ; - jdk.internal.reflect.DirectMethodHandleAccessor::invoke@23
  0x00007fa1f4f5b9d4: 0832 4f07 

  0x00007fa1f4f5b9d8: ;   {internal_word}
  0x00007fa1f4f5b9d8: 49ba c7ae | f5f4 a17f | 0000 4d89 | 9738 0500 

  0x00007fa1f4f5b9e8: ;   {runtime_call SafepointBlob}
  0x00007fa1f4f5b9e8: 00e9 72ae 

  0x00007fa1f4f5b9ec: ;   {metadata({method} {0x00007fa1d03c2510} 'invokeExact_MT' '(Ljava/lang/Object;Ljava/lang/Object;Ljava/lang/Object;)Ljava/lang/Object;' in 'java/lang/invoke/Invokers$Holder')}
  0x00007fa1f4f5b9ec: 4207 49ba | 1025 3cd0 | a17f 0000 | 4c89 5424 | 0848 c704 | 24ff ffff 

  0x00007fa1f4f5ba04: ;   {runtime_call C1 Runtime counter_overflow_blob}
  0x00007fa1f4f5ba04: ffe8 d683 

  0x00007fa1f4f5ba08: ; ImmutableOopMap {rsi=Oop rdx=Oop rdi=Oop [168]=Oop [184]=Oop [216]=Oop }
                      ;*synchronization entry
                      ; - java.lang.invoke.Invokers$Holder::invokeExact_MT@-1
                      ; - jdk.internal.reflect.DirectMethodHandleAccessor::invokeImpl@41
                      ; - jdk.internal.reflect.DirectMethodHandleAccessor::invoke@23
  0x00007fa1f4f5ba08: 4f07 e961 

  0x00007fa1f4f5ba0c: ;   {metadata({method} {0x00007fa1d036ac88} 'checkExactType' '(Ljava/lang/invoke/MethodHandle;Ljava/lang/invoke/MethodType;)V' in 'java/lang/invoke/Invokers')}
  0x00007fa1f4f5ba0c: f5ff ff49 | ba88 ac36 | d0a1 7f00 | 004c 8954 | 2408 48c7 | 0424 ffff 

  0x00007fa1f4f5ba24: ;   {runtime_call C1 Runtime counter_overflow_blob}
  0x00007fa1f4f5ba24: ffff e8b5 

  0x00007fa1f4f5ba28: ; ImmutableOopMap {rsi=Oop rdx=Oop rdi=Oop [168]=Oop [184]=Oop [216]=Oop }
                      ;*synchronization entry
                      ; - java.lang.invoke.Invokers::checkExactType@-1
                      ; - java.lang.invoke.Invokers$Holder::invokeExact_MT@10
                      ; - jdk.internal.reflect.DirectMethodHandleAccessor::invokeImpl@41
                      ; - jdk.internal.reflect.DirectMethodHandleAccessor::invoke@23
  0x00007fa1f4f5ba28: 834f 07e9 | 9af5 ffff 

  0x00007fa1f4f5ba30: ;   {runtime_call C1 Runtime throw_null_pointer_exception_blob}
  0x00007fa1f4f5ba30: e8ab 314f 

  0x00007fa1f4f5ba34: ; ImmutableOopMap {rsi=Oop rdx=Oop rdi=Oop [168]=Oop [184]=Oop [216]=Oop }
                      ;*invokevirtual type {reexecute=0 rethrow=0 return_oop=0}
                      ; - java.lang.invoke.Invokers::checkExactType@1
                      ; - java.lang.invoke.Invokers$Holder::invokeExact_MT@10
                      ; - jdk.internal.reflect.DirectMethodHandleAccessor::invokeImpl@41
                      ; - jdk.internal.reflect.DirectMethodHandleAccessor::invoke@23
                      ;   {metadata({method} {0x00007fa1d036b2d0} 'checkCustomized' '(Ljava/lang/invoke/MethodHandle;)V' in 'java/lang/invoke/Invokers')}
  0x00007fa1f4f5ba34: 0749 bad0 | b236 d0a1 | 7f00 004c | 8954 2408 | 48c7 0424 | ffff ffff 

  0x00007fa1f4f5ba4c: ;   {runtime_call C1 Runtime counter_overflow_blob}
  0x00007fa1f4f5ba4c: e88f 834f 

  0x00007fa1f4f5ba50: ; ImmutableOopMap {rsi=Oop rdx=Oop rdi=Oop [168]=Oop [184]=Oop [216]=Oop }
                      ;*synchronization entry
                      ; - java.lang.invoke.Invokers::checkCustomized@-1
                      ; - java.lang.invoke.Invokers$Holder::invokeExact_MT@14
                      ; - jdk.internal.reflect.DirectMethodHandleAccessor::invokeImpl@41
                      ; - jdk.internal.reflect.DirectMethodHandleAccessor::invoke@23
  0x00007fa1f4f5ba50: 07e9 6df6 

  0x00007fa1f4f5ba54: ;   {metadata({method} {0x00007fa1d008fb80} 'isCompileConstant' '(Ljava/lang/Object;)Z' in 'java/lang/invoke/MethodHandleImpl')}
  0x00007fa1f4f5ba54: ffff 49ba | 80fb 08d0 | a17f 0000 | 4c89 5424 | 0848 c704 | 24ff ffff 

  0x00007fa1f4f5ba6c: ;   {runtime_call C1 Runtime counter_overflow_blob}
  0x00007fa1f4f5ba6c: ffe8 6e83 

  0x00007fa1f4f5ba70: ; ImmutableOopMap {rsi=Oop rdx=Oop rdi=Oop [168]=Oop [184]=Oop [216]=Oop }
                      ;*synchronization entry
                      ; - java.lang.invoke.MethodHandleImpl::isCompileConstant@-1
                      ; - java.lang.invoke.Invokers::checkCustomized@1
                      ; - java.lang.invoke.Invokers$Holder::invokeExact_MT@14
                      ; - jdk.internal.reflect.DirectMethodHandleAccessor::invokeImpl@41
                      ; - jdk.internal.reflect.DirectMethodHandleAccessor::invoke@23
  0x00007fa1f4f5ba70: 4f07 e984 

  0x00007fa1f4f5ba74: ;   {runtime_call C1 Runtime throw_null_pointer_exception_blob}
  0x00007fa1f4f5ba74: f6ff ffe8 

  0x00007fa1f4f5ba78: ; ImmutableOopMap {rsi=Oop rdx=Oop rdi=Oop [168]=Oop [184]=Oop [216]=Oop }
                      ;*getfield customized {reexecute=1 rethrow=0 return_oop=0}
                      ; - (reexecute) java.lang.invoke.Invokers::checkCustomized@12
                      ; - java.lang.invoke.Invokers$Holder::invokeExact_MT@14
                      ; - jdk.internal.reflect.DirectMethodHandleAccessor::invokeImpl@41
                      ; - jdk.internal.reflect.DirectMethodHandleAccessor::invoke@23
  0x00007fa1f4f5ba78: 6431 4f07 

  0x00007fa1f4f5ba7c: ;   {internal_word}
  0x00007fa1f4f5ba7c: 49ba 8cb2 | f5f4 a17f | 0000 4d89 | 9738 0500 

  0x00007fa1f4f5ba8c: ;   {runtime_call SafepointBlob}
  0x00007fa1f4f5ba8c: 00e9 cead 

  0x00007fa1f4f5ba90: ;   {runtime_call C1 Runtime throw_null_pointer_exception_blob}
  0x00007fa1f4f5ba90: 4207 e849 

  0x00007fa1f4f5ba94: ; ImmutableOopMap {rax=Oop [168]=Oop [184]=Oop [216]=Oop }
                      ;*athrow {reexecute=1 rethrow=0 return_oop=0}
                      ; - (reexecute) java.lang.invoke.Invokers::checkExactType@15
                      ; - java.lang.invoke.Invokers$Holder::invokeExact_MT@10
                      ; - jdk.internal.reflect.DirectMethodHandleAccessor::invokeImpl@41
                      ; - jdk.internal.reflect.DirectMethodHandleAccessor::invoke@23
                      ;   {runtime_call C1 Runtime throw_null_pointer_exception_blob}
  0x00007fa1f4f5ba94: 314f 07e8 

  0x00007fa1f4f5ba98: ; ImmutableOopMap {rax=Oop [168]=Oop [184]=Oop [192]=Oop [200]=Oop [208]=Oop }
                      ;*athrow {reexecute=1 rethrow=0 return_oop=0}
                      ; - (reexecute) java.lang.invoke.Invokers::checkExactType@15
                      ; - java.lang.invoke.LambdaForm$MH/0x0000000010146c00::invokeExact_MT@11
                      ; - jdk.internal.reflect.DirectMethodHandleAccessor::invokeImpl@72
                      ; - jdk.internal.reflect.DirectMethodHandleAccessor::invoke@23
  0x00007fa1f4f5ba98: 4431 4f07 

  0x00007fa1f4f5ba9c: ;   {metadata({method} {0x00007fa1d0467580} 'isIllegalArgument' '(Ljava/lang/RuntimeException;)Z' in 'jdk/internal/reflect/DirectMethodHandleAccessor')}
  0x00007fa1f4f5ba9c: 49ba 8075 | 46d0 a17f | 0000 4c89 | 5424 0848 | c704 24ff 

  0x00007fa1f4f5bab0: ;   {runtime_call C1 Runtime counter_overflow_blob}
  0x00007fa1f4f5bab0: ffff ffe8 

  0x00007fa1f4f5bab4: ; ImmutableOopMap {rax=Oop }
                      ;*synchronization entry
                      ; - jdk.internal.reflect.DirectMethodHandleAccessor::isIllegalArgument@-1
                      ; - jdk.internal.reflect.DirectMethodHandleAccessor::invoke@58
  0x00007fa1f4f5bab4: 2883 4f07 | e9c6 f8ff 

  0x00007fa1f4f5babc: ;   {metadata({method} {0x00007fa1d0467580} 'isIllegalArgument' '(Ljava/lang/RuntimeException;)Z' in 'jdk/internal/reflect/DirectMethodHandleAccessor')}
  0x00007fa1f4f5babc: ff49 ba80 | 7546 d0a1 | 7f00 004c | 8954 2408 | 48c7 0424 | ffff ffff 

  0x00007fa1f4f5bad4: ;   {runtime_call C1 Runtime counter_overflow_blob}
  0x00007fa1f4f5bad4: e807 834f 

  0x00007fa1f4f5bad8: ; ImmutableOopMap {rax=Oop }
                      ;*synchronization entry
                      ; - jdk.internal.reflect.DirectMethodHandleAccessor::isIllegalArgument@-1
                      ; - jdk.internal.reflect.DirectMethodHandleAccessor::invoke@30
  0x00007fa1f4f5bad8: 07e9 5cf9 

  0x00007fa1f4f5badc: ;   {metadata(nullptr)}
  0x00007fa1f4f5badc: ffff 48ba | 0000 0000 | 0000 0000 | b800 0f05 

  0x00007fa1f4f5baec: ;   {runtime_call C1 Runtime load_klass_patching_blob}
  0x00007fa1f4f5baec: 0ae8 ee73 

  0x00007fa1f4f5baf0: ; ImmutableOopMap {}
                      ;*new {reexecute=1 rethrow=0 return_oop=0}
                      ; - (reexecute) jdk.internal.reflect.DirectMethodHandleAccessor::invoke@36
  0x00007fa1f4f5baf0: 4f07 e999 | f9ff ff48 

  0x00007fa1f4f5baf8: ;   {runtime_call C1 Runtime fast_new_instance_blob}
  0x00007fa1f4f5baf8: 8bd2 e8e1 

  0x00007fa1f4f5bafc: ; ImmutableOopMap {}
                      ;*new {reexecute=0 rethrow=0 return_oop=0}
                      ; - jdk.internal.reflect.DirectMethodHandleAccessor::invoke@36
  0x00007fa1f4f5bafc: 394f 07e9 | d7f9 ffff 

  0x00007fa1f4f5bb04: ;   {metadata(nullptr)}
  0x00007fa1f4f5bb04: 48ba 0000 | 0000 0000 | 0000 b800 

  0x00007fa1f4f5bb10: ;   {runtime_call C1 Runtime load_klass_patching_blob}
  0x00007fa1f4f5bb10: 0f05 0ae8 

  0x00007fa1f4f5bb14: ; ImmutableOopMap {rbx=Oop }
                      ;*new {reexecute=1 rethrow=0 return_oop=0}
                      ; - (reexecute) jdk.internal.reflect.DirectMethodHandleAccessor::invoke@46
  0x00007fa1f4f5bb14: c873 4f07 | e913 faff 

  0x00007fa1f4f5bb1c: ;   {runtime_call C1 Runtime throw_null_pointer_exception_blob}
  0x00007fa1f4f5bb1c: ffe8 be30 

  0x00007fa1f4f5bb20: ; ImmutableOopMap {rbx=Oop }
                      ;*new {reexecute=0 rethrow=0 return_oop=0}
                      ; - jdk.internal.reflect.DirectMethodHandleAccessor::invoke@46
  0x00007fa1f4f5bb20: 4f07 488b 

  0x00007fa1f4f5bb24: ;   {runtime_call C1 Runtime fast_new_instance_init_check_blob}
  0x00007fa1f4f5bb24: d2e8 b63c 

  0x00007fa1f4f5bb28: ; ImmutableOopMap {rbx=Oop }
                      ;*new {reexecute=0 rethrow=0 return_oop=0}
                      ; - jdk.internal.reflect.DirectMethodHandleAccessor::invoke@46
  0x00007fa1f4f5bb28: 4f07 e959 

  0x00007fa1f4f5bb2c: ;   {metadata(nullptr)}
  0x00007fa1f4f5bb2c: faff ff48 | ba00 0000 | 0000 0000 | 00b8 000f 

  0x00007fa1f4f5bb3c: ;   {runtime_call C1 Runtime load_klass_patching_blob}
  0x00007fa1f4f5bb3c: 050a e89d 

  0x00007fa1f4f5bb40: ; ImmutableOopMap {[224]=Oop }
                      ;*new {reexecute=1 rethrow=0 return_oop=0}
                      ; - (reexecute) jdk.internal.reflect.DirectMethodHandleAccessor::invoke@64
  0x00007fa1f4f5bb40: 734f 07e9 | 88fa ffff 

  0x00007fa1f4f5bb48: ;   {runtime_call C1 Runtime fast_new_instance_blob}
  0x00007fa1f4f5bb48: 488b d2e8 

  0x00007fa1f4f5bb4c: ; ImmutableOopMap {[224]=Oop }
                      ;*new {reexecute=0 rethrow=0 return_oop=0}
                      ; - jdk.internal.reflect.DirectMethodHandleAccessor::invoke@64
  0x00007fa1f4f5bb4c: 9039 4f07 | e9c6 faff 

  0x00007fa1f4f5bb54: ;   {metadata(nullptr)}
  0x00007fa1f4f5bb54: ff48 ba00 | 0000 0000 | 0000 00b8 | 000f 050a 

  0x00007fa1f4f5bb64: ;   {runtime_call C1 Runtime load_klass_patching_blob}
  0x00007fa1f4f5bb64: e877 734f 

  0x00007fa1f4f5bb68: ; ImmutableOopMap {rbx=Oop }
                      ;*new {reexecute=1 rethrow=0 return_oop=0}
                      ; - (reexecute) jdk.internal.reflect.DirectMethodHandleAccessor::invoke@73
  0x00007fa1f4f5bb68: 07e9 02fb 

  0x00007fa1f4f5bb6c: ;   {runtime_call C1 Runtime throw_null_pointer_exception_blob}
  0x00007fa1f4f5bb6c: ffff e86d 

  0x00007fa1f4f5bb70: ; ImmutableOopMap {rbx=Oop }
                      ;*new {reexecute=0 rethrow=0 return_oop=0}
                      ; - jdk.internal.reflect.DirectMethodHandleAccessor::invoke@73
  0x00007fa1f4f5bb70: 304f 0748 

  0x00007fa1f4f5bb74: ;   {runtime_call C1 Runtime fast_new_instance_init_check_blob}
  0x00007fa1f4f5bb74: 8bd2 e865 

  0x00007fa1f4f5bb78: ; ImmutableOopMap {rbx=Oop }
                      ;*new {reexecute=0 rethrow=0 return_oop=0}
                      ; - jdk.internal.reflect.DirectMethodHandleAccessor::invoke@73
  0x00007fa1f4f5bb78: 3c4f 07e9 | 48fb ffff 

  0x00007fa1f4f5bb80: ;   {metadata('java/lang/reflect/InvocationTargetException')}
  0x00007fa1f4f5bb80: 48ba a054 | 0d10 0000 | 0000 b800 

  0x00007fa1f4f5bb8c: ;   {runtime_call C1 Runtime load_klass_patching_blob}
  0x00007fa1f4f5bb8c: 0f05 0ae8 

  0x00007fa1f4f5bb90: ; ImmutableOopMap {rbx=Oop }
                      ;*new {reexecute=1 rethrow=0 return_oop=0}
                      ; - (reexecute) jdk.internal.reflect.DirectMethodHandleAccessor::invoke@83
  0x00007fa1f4f5bb90: 4c73 4f07 | e98f fbff 

  0x00007fa1f4f5bb98: ;   {runtime_call C1 Runtime throw_null_pointer_exception_blob}
  0x00007fa1f4f5bb98: ffe8 4230 

  0x00007fa1f4f5bb9c: ; ImmutableOopMap {rbx=Oop }
                      ;*new {reexecute=0 rethrow=0 return_oop=0}
                      ; - jdk.internal.reflect.DirectMethodHandleAccessor::invoke@83
  0x00007fa1f4f5bb9c: 4f07 488b 

  0x00007fa1f4f5bba0: ;   {runtime_call C1 Runtime fast_new_instance_init_check_blob}
  0x00007fa1f4f5bba0: d2e8 3a3c 

  0x00007fa1f4f5bba4: ; ImmutableOopMap {rbx=Oop }
                      ;*new {reexecute=0 rethrow=0 return_oop=0}
                      ; - jdk.internal.reflect.DirectMethodHandleAccessor::invoke@83
  0x00007fa1f4f5bba4: 4f07 e9d5 | fbff ff49 | 8b87 e005 | 0000 49c7 | 87e0 0500 | 0000 0000 | 0049 c787 | e805 0000 
  0x00007fa1f4f5bbc4: 0000 0000 | 4881 c420 | 0100 005d 

  0x00007fa1f4f5bbd0: ;   {runtime_call C1 Runtime unwind_exception_blob}
  0x00007fa1f4f5bbd0: e90b 214f | 07f4 f4f4 
[Stub Code]
  0x00007fa1f4f5bbd8: ;   {other}
  0x00007fa1f4f5bbd8: 0f1f 4400 

  0x00007fa1f4f5bbdc: ;   {static_stub}
  0x00007fa1f4f5bbdc: 0048 bb00 | 0000 0000 

  0x00007fa1f4f5bbe4: ;   {runtime_call nmethod}
  0x00007fa1f4f5bbe4: 0000 00e9 | fbff ffff 

  0x00007fa1f4f5bbec: ;   {static_stub}
  0x00007fa1f4f5bbec: 9048 bbb0 | 4a73 d2a1 

  0x00007fa1f4f5bbf4: ;   {runtime_call I2C/C2I adapters}
  0x00007fa1f4f5bbf4: 7f00 00e9 | ca70 4207 

  0x00007fa1f4f5bbfc: ;   {static_stub}
  0x00007fa1f4f5bbfc: 9048 bba0 | 263c d0a1 

  0x00007fa1f4f5bc04: ;   {runtime_call I2C/C2I adapters}
  0x00007fa1f4f5bc04: 7f00 00e9 | b2e0 4107 

  0x00007fa1f4f5bc0c: ;   {static_stub}
  0x00007fa1f4f5bc0c: 9048 bb00 | 0000 0000 

  0x00007fa1f4f5bc14: ;   {runtime_call nmethod}
  0x00007fa1f4f5bc14: 0000 00e9 | fbff ffff 

  0x00007fa1f4f5bc1c: ;   {static_stub}
  0x00007fa1f4f5bc1c: 9048 bb00 | 0000 0000 

  0x00007fa1f4f5bc24: ;   {runtime_call nmethod}
  0x00007fa1f4f5bc24: 0000 00e9 | fbff ffff 

  0x00007fa1f4f5bc2c: ;   {static_stub}
  0x00007fa1f4f5bc2c: 9048 bb00 | 0000 0000 

  0x00007fa1f4f5bc34: ;   {runtime_call nmethod}
  0x00007fa1f4f5bc34: 0000 00e9 | fbff ffff 

  0x00007fa1f4f5bc3c: ;   {static_stub}
  0x00007fa1f4f5bc3c: 9048 bb00 | 0000 0000 

  0x00007fa1f4f5bc44: ;   {runtime_call nmethod}
  0x00007fa1f4f5bc44: 0000 00e9 | fbff ffff 

  0x00007fa1f4f5bc4c: ;   {static_stub}
  0x00007fa1f4f5bc4c: 9048 bb20 | 5c52 d0a1 

  0x00007fa1f4f5bc54: ;   {runtime_call I2C/C2I adapters}
  0x00007fa1f4f5bc54: 7f00 00e9 | dafd 4207 

  0x00007fa1f4f5bc5c: ;   {static_stub}
  0x00007fa1f4f5bc5c: 48bb 0000 | 0000 0000 

  0x00007fa1f4f5bc64: ;   {runtime_call nmethod}
  0x00007fa1f4f5bc64: 0000 e9fb 

  0x00007fa1f4f5bc68: ;   {static_stub}
  0x00007fa1f4f5bc68: ffff ff48 | bb00 0000 | 0000 0000 

  0x00007fa1f4f5bc74: ;   {runtime_call nmethod}
  0x00007fa1f4f5bc74: 00e9 fbff 

  0x00007fa1f4f5bc78: ;   {static_stub}
  0x00007fa1f4f5bc78: ffff 48bb | 0000 0000 | 0000 0000 

  0x00007fa1f4f5bc84: ;   {runtime_call nmethod}
  0x00007fa1f4f5bc84: e9fb ffff 

  0x00007fa1f4f5bc88: ;   {static_stub}
  0x00007fa1f4f5bc88: ff48 bb00 | 0000 0000 

  0x00007fa1f4f5bc90: ;   {runtime_call nmethod}
  0x00007fa1f4f5bc90: 0000 00e9 | fbff ffff 

  0x00007fa1f4f5bc98: ;   {static_stub}
  0x00007fa1f4f5bc98: 48bb 0000 | 0000 0000 

  0x00007fa1f4f5bca0: ;   {runtime_call nmethod}
  0x00007fa1f4f5bca0: 0000 e9fb 

  0x00007fa1f4f5bca4: ;   {static_stub}
  0x00007fa1f4f5bca4: ffff ff48 | bb00 0000 | 0000 0000 

  0x00007fa1f4f5bcb0: ;   {runtime_call nmethod}
  0x00007fa1f4f5bcb0: 00e9 fbff 

  0x00007fa1f4f5bcb4: ;   {static_stub}
  0x00007fa1f4f5bcb4: ffff 48bb | 0000 0000 | 0000 0000 

  0x00007fa1f4f5bcc0: ;   {runtime_call nmethod}
  0x00007fa1f4f5bcc0: e9fb ffff 

  0x00007fa1f4f5bcc4: ;   {static_stub}
  0x00007fa1f4f5bcc4: ff48 bb00 | 0000 0000 

  0x00007fa1f4f5bccc: ;   {runtime_call nmethod}
  0x00007fa1f4f5bccc: 0000 00e9 | fbff ffff 
[Exception Handler]
  0x00007fa1f4f5bcd4: ;   {runtime_call C1 Runtime handle_exception_from_callee_blob}
  0x00007fa1f4f5bcd4: e807 4d4f 

  0x00007fa1f4f5bcd8: ;   {external_word}
  0x00007fa1f4f5bcd8: 0748 bf3c | 9737 0fa2 | 7f00 0048 

  0x00007fa1f4f5bce4: ;   {runtime_call MacroAssembler::debug64(char*, long, long*)}
  0x00007fa1f4f5bce4: 83e4 f0e8 | d408 df19 

  0x00007fa1f4f5bcec: ;   {section_word}
  0x00007fa1f4f5bcec: f449 baed | bcf5 f4a1 | 7f00 0041 

  0x00007fa1f4f5bcf8: ;   {runtime_call DeoptimizationBlob}
  0x00007fa1f4f5bcf8: 52e9 62ae 

  0x00007fa1f4f5bcfc: ;   {section_word}
  0x00007fa1f4f5bcfc: 4207 49ba | febc f5f4 | a17f 0000 

  0x00007fa1f4f5bd08: ;   {runtime_call DeoptimizationBlob}
  0x00007fa1f4f5bd08: 4152 e951 | ae42 07f4 
[/MachCode]


Compiled method (c1) 3420 1115       3       java.lang.reflect.Method::invoke (108 bytes)
 total in heap  [0x00007fa1f4f56888,0x00007fa1f4f57078] = 2032
 main code      [0x00007fa1f4f56980,0x00007fa1f4f56fe8] = 1640
 stub code      [0x00007fa1f4f56fe8,0x00007fa1f4f57078] = 144
 mutable data [0x00007fa1a8626b40,0x00007fa1a8626c18] = 216
 relocation     [0x00007fa1a8626b40,0x00007fa1a8626c00] = 192
 metadata       [0x00007fa1a8626c00,0x00007fa1a8626c18] = 24
 immutable data [0x00007fa1a8626980,0x00007fa1a8626b38] = 440
 dependencies   [0x00007fa1a8626980,0x00007fa1a8626988] = 8
 nul chk table  [0x00007fa1a8626988,0x00007fa1a86269a8] = 32
 scopes pcs     [0x00007fa1a86269a8,0x00007fa1a8626a78] = 208
 scopes data    [0x00007fa1a8626a78,0x00007fa1a8626b38] = 192

[Constant Pool (empty)]

[MachCode]
[Instructions begin]
  0x00007fa1f4f56980: 660f 1f84 | 0000 0000 | 0066 0f1f | 8400 0000 | 0000 448b | 5608 443b 

  0x00007fa1f4f56998: ;   {runtime_call Shared Runtime ic_miss_blob}
  0x00007fa1f4f56998: 5008 0f85 | 40da 4207 
[Verified Entry Point]
  0x00007fa1f4f569a0: 8984 2400 | c0fe ff55 | 4881 ec80 | 0000 0090 | 4181 7f20 | 0700 0000 

  0x00007fa1f4f569b8: ;   {runtime_call Stub::method_entry_barrier}
  0x00007fa1f4f569b8: 7405 e861 | 5541 0748 | 8974 2448 | 4889 5424 

  0x00007fa1f4f569c8: ;   {metadata(method data for {method} {0x00007fa1d0066808} 'invoke' '(Ljava/lang/Object;[Ljava/lang/Object;)Ljava/lang/Object;' in 'java/lang/reflect/Method')}
  0x00007fa1f4f569c8: 5048 bf40 | 25bd d0a1 | 7f00 008b | 9f90 0000 | 0083 c302 | 899f 9000 | 0000 81e3 | fe07 0000 
  0x00007fa1f4f569e8: 85db 0f84 | 4f05 0000 | 4889 4c24 | 5848 8bfe 

  0x00007fa1f4f569f8: ;   {metadata(method data for {method} {0x00007fa1d0066808} 'invoke' '(Ljava/lang/Object;[Ljava/lang/Object;)Ljava/lang/Object;' in 'java/lang/reflect/Method')}
  0x00007fa1f4f569f8: 48bb 4025 | bdd0 a17f | 0000 4883 | 83d8 0000 | 0001 488b | fe48 8bf7 | 0f1f 8000 

  0x00007fa1f4f56a14: ;   {optimized virtual_call}
  0x00007fa1f4f56a14: 0000 00e8 

  0x00007fa1f4f56a18: ; ImmutableOopMap {[72]=Oop [80]=Oop [88]=Oop }
                      ;*invokevirtual isCallerSensitive {reexecute=0 rethrow=0 return_oop=0}
                      ; - java.lang.reflect.Method::invoke@1
  0x00007fa1f4f56a18: 042d 0000 

  0x00007fa1f4f56a1c: ;   {post_call_nop}
  0x00007fa1f4f56a1c: 0f1f 8400 | 9401 0000 | 488b 7424 | 480f be7e 

  0x00007fa1f4f56a2c: ;   {metadata(method data for {method} {0x00007fa1d0066808} 'invoke' '(Ljava/lang/Object;[Ljava/lang/Object;)Ljava/lang/Object;' in 'java/lang/reflect/Method')}
  0x00007fa1f4f56a2c: 0c85 ff48 | bf40 25bd | d0a1 7f00 | 00bb 0801 | 0000 7405 | bb18 0100 | 0048 8b14 | 1f48 8d52 
  0x00007fa1f4f56a4c: 0148 8914 | 1f0f 843d | 0000 0085 

  0x00007fa1f4f56a58: ;   {metadata(method data for {method} {0x00007fa1d0066808} 'invoke' '(Ljava/lang/Object;[Ljava/lang/Object;)Ljava/lang/Object;' in 'java/lang/reflect/Method')}
  0x00007fa1f4f56a58: c048 bf40 | 25bd d0a1 | 7f00 00bb | 3801 0000 | 7505 bb28 | 0100 0048 | 8b14 1f48 | 8d52 0148 
  0x00007fa1f4f56a78: 8914 1f0f | 8513 0000 

  0x00007fa1f4f56a80: ;   {oop(nullptr)}
  0x00007fa1f4f56a80: 0048 bf00 | 0000 0000 | 0000 0089 | 4424 60e9 | 3000 0000 | 8944 2460 

  0x00007fa1f4f56a98: ;   {metadata(method data for {method} {0x00007fa1d0066808} 'invoke' '(Ljava/lang/Object;[Ljava/lang/Object;)Ljava/lang/Object;' in 'java/lang/reflect/Method')}
  0x00007fa1f4f56a98: 48bf 4025 | bdd0 a17f | 0000 4883 | 8748 0100 | 0001 0f1f 

  0x00007fa1f4f56aac: ;   {static_call}
  0x00007fa1f4f56aac: 4400 00e8 

  0x00007fa1f4f56ab0: ; ImmutableOopMap {[72]=Oop [80]=Oop [88]=Oop }
                      ;*invokestatic getCallerClass {reexecute=0 rethrow=0 return_oop=0}
                      ; - java.lang.reflect.Method::invoke@19
  0x00007fa1f4f56ab0: 5cfc 9a07 

  0x00007fa1f4f56ab4: ;   {post_call_nop}
  0x00007fa1f4f56ab4: 0f1f 8400 | 2c02 0001 | 488b f848 | 8b74 2448 | 0fbe 560c 

  0x00007fa1f4f56ac8: ;   {metadata(method data for {method} {0x00007fa1d0066808} 'invoke' '(Ljava/lang/Object;[Ljava/lang/Object;)Ljava/lang/Object;' in 'java/lang/reflect/Method')}
  0x00007fa1f4f56ac8: 85d2 48ba | 4025 bdd0 | a17f 0000 | b968 0100 | 0074 05b9 | 5801 0000 | 4c8b 040a | 4d8d 4001 
  0x00007fa1f4f56ae8: 4c89 040a | 0f84 0a00 | 0000 4889 | 7c24 68e9 | 2502 0000 | 8b4e 1c44 

  0x00007fa1f4f56b00: ;   {metadata(method data for {method} {0x00007fa1d0066808} 'invoke' '(Ljava/lang/Object;[Ljava/lang/Object;)Ljava/lang/Object;' in 'java/lang/reflect/Method')}
  0x00007fa1f4f56b00: 8b4e 5048 | ba40 25bd | d0a1 7f00 | 0048 8382 | 7801 0000 

  0x00007fa1f4f56b14: ;   {metadata(method data for {method} {0x00007fa1d02703b0} 'isStatic' '(I)Z' in 'java/lang/reflect/Modifier')}
  0x00007fa1f4f56b14: 0148 bad8 | 2b8b d0a1 | 7f00 0044 | 8b82 9000 | 0000 4183 | c002 4489 | 8290 0000 | 0041 81e0 
  0x00007fa1f4f56b34: feff 1f00 | 4585 c00f | 841f 0400 | 0049 8bd1 | 83e2 0885 

  0x00007fa1f4f56b48: ;   {metadata(method data for {method} {0x00007fa1d02703b0} 'isStatic' '(I)Z' in 'java/lang/reflect/Modifier')}
  0x00007fa1f4f56b48: d248 bad8 | 2b8b d0a1 | 7f00 0041 | b8d8 0000 | 0074 0641 | b8e8 0000 | 004a 8b1c | 0248 8d5b 
  0x00007fa1f4f56b68: 014a 891c | 020f 841a 

  0x00007fa1f4f56b70: ;   {metadata(method data for {method} {0x00007fa1d02703b0} 'isStatic' '(I)Z' in 'java/lang/reflect/Modifier')}
  0x00007fa1f4f56b70: 0000 0048 | bad8 2b8b | d0a1 7f00 | 00ff 82f8 | 0000 00ba | 0100 0000 | e905 0000 | 00ba 0000 
  0x00007fa1f4f56b90: 0000 83e2 

  0x00007fa1f4f56b94: ;   {metadata(method data for {method} {0x00007fa1d0066808} 'invoke' '(Ljava/lang/Object;[Ljava/lang/Object;)Ljava/lang/Object;' in 'java/lang/reflect/Method')}
  0x00007fa1f4f56b94: 0185 d248 | ba40 25bd | d0a1 7f00 | 0041 b888 | 0100 0074 | 0641 b898 | 0100 004a | 8b1c 0248 
  0x00007fa1f4f56bb4: 8d5b 014a | 891c 020f | 841f 0000 

  0x00007fa1f4f56bc0: ;   {metadata(method data for {method} {0x00007fa1d0066808} 'invoke' '(Ljava/lang/Object;[Ljava/lang/Object;)Ljava/lang/Object;' in 'java/lang/reflect/Method')}
  0x00007fa1f4f56bc0: 0048 ba40 | 25bd d0a1 | 7f00 00ff | 82a8 0100 

  0x00007fa1f4f56bd0: ;   {oop(nullptr)}
  0x00007fa1f4f56bd0: 0049 b800 | 0000 0000 | 0000 00e9 | 9a00 0000 | 488b 5424 | 5048 3b02 

  0x00007fa1f4f56be8: ;   {metadata(method data for {method} {0x00007fa1d0066808} 'invoke' '(Ljava/lang/Object;[Ljava/lang/Object;)Ljava/lang/Object;' in 'java/lang/reflect/Method')}
  0x00007fa1f4f56be8: 4c8b c248 | bb40 25bd | d0a1 7f00 | 0045 8b40 | 084c 3b83 | c801 0000 | 750d 4883 | 83d0 0100 
  0x00007fa1f4f56c08: 0001 e960 | 0000 004c | 3b83 d801 | 0000 750d | 4883 83e0 | 0100 0001 | e94a 0000 | 0048 83bb 
  0x00007fa1f4f56c28: c801 0000 | 0075 174c | 8983 c801 | 0000 48c7 | 83d0 0100 | 0001 0000 | 00e9 2900 | 0000 4883 
  0x00007fa1f4f56c48: bbd8 0100 | 0000 7517 | 4c89 83d8 | 0100 0048 | c783 e001 | 0000 0100 | 0000 e908 | 0000 0048 
  0x00007fa1f4f56c68: 8383 c001 | 0000 0144 | 8b42 084d | 8b40 704d | 8b00 488b 

  0x00007fa1f4f56c7c: ;   {metadata(method data for {method} {0x00007fa1d0066808} 'invoke' '(Ljava/lang/Object;[Ljava/lang/Object;)Ljava/lang/Object;' in 'java/lang/reflect/Method')}
  0x00007fa1f4f56c7c: de48 b840 | 25bd d0a1 | 7f00 008b | 5b08 483b | 98f8 0100 | 0075 0d48 | 8380 0002 | 0000 01e9 
  0x00007fa1f4f56c9c: 6000 0000 | 483b 9808 | 0200 0075 | 0d48 8380 | 1002 0000 | 01e9 4a00 | 0000 4883 | b8f8 0100 
  0x00007fa1f4f56cbc: 0000 7517 | 4889 98f8 | 0100 0048 | c780 0002 | 0000 0100 | 0000 e929 | 0000 0048 | 83b8 0802 
  0x00007fa1f4f56cdc: 0000 0075 | 1748 8998 | 0802 0000 | 48c7 8010 | 0200 0001 | 0000 00e9 | 0800 0000 | 4883 80f0 
  0x00007fa1f4f56cfc: 0100 0001 | 488b d748 | 8bc6 488b | f048 897c 

  0x00007fa1f4f56d0c: ;   {optimized virtual_call}
  0x00007fa1f4f56d0c: 2468 90e8 

  0x00007fa1f4f56d10: ; ImmutableOopMap {[72]=Oop [80]=Oop [88]=Oop [104]=Oop }
                      ;*invokevirtual checkAccess {reexecute=0 rethrow=0 return_oop=0}
                      ; - java.lang.reflect.Method::invoke@60
  0x00007fa1f4f56d10: 8cdb ffff 

  0x00007fa1f4f56d14: ;   {post_call_nop}
  0x00007fa1f4f56d14: 0f1f 8400 | 8c04 0002 | 488b 7424 | 488b 7e48 

  0x00007fa1f4f56d24: ;   {metadata(method data for {method} {0x00007fa1d0066808} 'invoke' '(Ljava/lang/Object;[Ljava/lang/Object;)Ljava/lang/Object;' in 'java/lang/reflect/Method')}
  0x00007fa1f4f56d24: 4885 ff48 | bb40 25bd | d0a1 7f00 | 00b8 2002 | 0000 7505 | b830 0200 | 0048 8b14 | 0348 8d52 
  0x00007fa1f4f56d44: 0148 8914 | 030f 8528 | 0000 0048 

  0x00007fa1f4f56d50: ;   {metadata(method data for {method} {0x00007fa1d0066808} 'invoke' '(Ljava/lang/Object;[Ljava/lang/Object;)Ljava/lang/Object;' in 'java/lang/reflect/Method')}
  0x00007fa1f4f56d50: 8bfe 48bb | 4025 bdd0 | a17f 0000 | 4883 8340 | 0200 0001 

  0x00007fa1f4f56d64: ;   {optimized virtual_call}
  0x00007fa1f4f56d64: 6666 90e8 

  0x00007fa1f4f56d68: ; ImmutableOopMap {[80]=Oop [88]=Oop [104]=Oop }
                      ;*invokevirtual acquireMethodAccessor {reexecute=0 rethrow=0 return_oop=0}
                      ; - java.lang.reflect.Method::invoke@75
  0x00007fa1f4f56d68: cd02 0000 

  0x00007fa1f4f56d6c: ;   {post_call_nop}
  0x00007fa1f4f56d6c: 0f1f 8400 | e404 0003 | 488b f88b | 4424 6085 

  0x00007fa1f4f56d7c: ;   {metadata(method data for {method} {0x00007fa1d0066808} 'invoke' '(Ljava/lang/Object;[Ljava/lang/Object;)Ljava/lang/Object;' in 'java/lang/reflect/Method')}
  0x00007fa1f4f56d7c: c048 ba40 | 25bd d0a1 | 7f00 00b9 | 7002 0000 | 7405 b980 | 0200 004c | 8b04 0a4d | 8d40 014c 
  0x00007fa1f4f56d9c: 8904 0a0f | 84da 0000 | 004c 8b44 | 2468 483b | 0748 8bd7 

  0x00007fa1f4f56db0: ;   {metadata(method data for {method} {0x00007fa1d0066808} 'invoke' '(Ljava/lang/Object;[Ljava/lang/Object;)Ljava/lang/Object;' in 'java/lang/reflect/Method')}
  0x00007fa1f4f56db0: 48b9 4025 | bdd0 a17f | 0000 8b52 | 0848 3b91 | 9802 0000 | 750d 4883 | 81a0 0200 | 0001 e960 
  0x00007fa1f4f56dd0: 0000 0048 | 3b91 a802 | 0000 750d | 4883 81b0 | 0200 0001 | e94a 0000 | 0048 83b9 | 9802 0000 
  0x00007fa1f4f56df0: 0075 1748 | 8991 9802 | 0000 48c7 | 81a0 0200 | 0001 0000 | 00e9 2900 | 0000 4883 | b9a8 0200 
  0x00007fa1f4f56e10: 0000 7517 | 4889 91a8 | 0200 0048 | c781 b002 | 0000 0100 | 0000 e908 | 0000 0048 | 8381 9002 
  0x00007fa1f4f56e30: 0000 0148 | 8b54 2450 | 488b 4c24 | 5848 8bf7 | 0f1f 4400 | 0048 b8a0 | 6d62 a8a1 

  0x00007fa1f4f56e4c: ;   {virtual_call}
  0x00007fa1f4f56e4c: 7f00 00e8 

  0x00007fa1f4f56e50: ; ImmutableOopMap {}
                      ;*invokeinterface invoke {reexecute=0 rethrow=0 return_oop=0}
                      ; - java.lang.reflect.Method::invoke@90
  0x00007fa1f4f56e50: 8cdb 4207 

  0x00007fa1f4f56e54: ;   {post_call_nop}
  0x00007fa1f4f56e54: 0f1f 8400 | cc05 0004 

  0x00007fa1f4f56e5c: ;   {metadata(method data for {method} {0x00007fa1d0066808} 'invoke' '(Ljava/lang/Object;[Ljava/lang/Object;)Ljava/lang/Object;' in 'java/lang/reflect/Method')}
  0x00007fa1f4f56e5c: 48ba 4025 | bdd0 a17f | 0000 ff82 | c002 0000 | 4881 c480 | 0000 005d 

  0x00007fa1f4f56e74: ;   {poll_return}
  0x00007fa1f4f56e74: 493b 6728 | 0f87 0d01 | 0000 c348 | 8b4c 2458 | 488b 5424 | 5048 3b07 

  0x00007fa1f4f56e8c: ;   {metadata(method data for {method} {0x00007fa1d0066808} 'invoke' '(Ljava/lang/Object;[Ljava/lang/Object;)Ljava/lang/Object;' in 'java/lang/reflect/Method')}
  0x00007fa1f4f56e8c: 488b f748 | bb40 25bd | d0a1 7f00 | 008b 7608 | 483b b3e0 | 0200 0075 | 0d48 8383 | e802 0000 
  0x00007fa1f4f56eac: 01e9 6000 | 0000 483b | b3f0 0200 | 0075 0d48 | 8383 f802 | 0000 01e9 | 4a00 0000 | 4883 bbe0 
  0x00007fa1f4f56ecc: 0200 0000 | 7517 4889 | b3e0 0200 | 0048 c783 | e802 0000 | 0100 0000 | e929 0000 | 0048 83bb 
  0x00007fa1f4f56eec: f002 0000 | 0075 1748 | 89b3 f002 | 0000 48c7 | 83f8 0200 | 0001 0000 | 00e9 0800 | 0000 4883 
  0x00007fa1f4f56f0c: 83d8 0200 | 0001 488b | f748 b8c8 | 6d62 a8a1 

  0x00007fa1f4f56f1c: ;   {virtual_call}
  0x00007fa1f4f56f1c: 7f00 00e8 

  0x00007fa1f4f56f20: ; ImmutableOopMap {}
                      ;*invokeinterface invoke {reexecute=0 rethrow=0 return_oop=0}
                      ; - java.lang.reflect.Method::invoke@102
  0x00007fa1f4f56f20: ee30 0000 

  0x00007fa1f4f56f24: ;   {post_call_nop}
  0x00007fa1f4f56f24: 0f1f 8400 | 9c06 0005 | 4881 c480 | 0000 005d 

  0x00007fa1f4f56f34: ;   {poll_return}
  0x00007fa1f4f56f34: 493b 6728 | 0f87 6800 

  0x00007fa1f4f56f3c: ;   {metadata({method} {0x00007fa1d0066808} 'invoke' '(Ljava/lang/Object;[Ljava/lang/Object;)Ljava/lang/Object;' in 'java/lang/reflect/Method')}
  0x00007fa1f4f56f3c: 0000 c349 | ba08 6806 | d0a1 7f00 | 004c 8954 | 2408 48c7 | 0424 ffff 

  0x00007fa1f4f56f54: ;   {runtime_call C1 Runtime counter_overflow_blob}
  0x00007fa1f4f56f54: ffff e885 

  0x00007fa1f4f56f58: ; ImmutableOopMap {rsi=Oop rdx=Oop rcx=Oop [72]=Oop [80]=Oop }
                      ;*synchronization entry
                      ; - java.lang.reflect.Method::invoke@-1
  0x00007fa1f4f56f58: ce4f 07e9 | 90fa ffff 

  0x00007fa1f4f56f60: ;   {metadata({method} {0x00007fa1d02703b0} 'isStatic' '(I)Z' in 'java/lang/reflect/Modifier')}
  0x00007fa1f4f56f60: 49ba b003 | 27d0 a17f | 0000 4c89 | 5424 0848 | c704 24ff 

  0x00007fa1f4f56f74: ;   {runtime_call C1 Runtime counter_overflow_blob}
  0x00007fa1f4f56f74: ffff ffe8 

  0x00007fa1f4f56f78: ; ImmutableOopMap {rdi=Oop rsi=Oop rcx=Oop [72]=Oop [80]=Oop [88]=Oop }
                      ;*synchronization entry
                      ; - java.lang.reflect.Modifier::isStatic@-1
                      ; - java.lang.reflect.Method::invoke@42
  0x00007fa1f4f56f78: 64ce 4f07 | e9c0 fbff 

  0x00007fa1f4f56f80: ;   {runtime_call C1 Runtime throw_null_pointer_exception_blob}
  0x00007fa1f4f56f80: ffe8 5a7c 

  0x00007fa1f4f56f84: ; ImmutableOopMap {rdi=Oop rsi=Oop rcx=Oop rdx=Oop [72]=Oop [80]=Oop [88]=Oop }
                      ;*invokevirtual getClass {reexecute=0 rethrow=0 return_oop=0}
                      ; - java.lang.reflect.Method::invoke@53
                      ;   {runtime_call C1 Runtime throw_null_pointer_exception_blob}
  0x00007fa1f4f56f84: 4f07 e855 

  0x00007fa1f4f56f88: ; ImmutableOopMap {rdi=Oop r8=Oop [80]=Oop [88]=Oop }
                      ;*invokeinterface invoke {reexecute=0 rethrow=0 return_oop=0}
                      ; - java.lang.reflect.Method::invoke@90
                      ;   {internal_word}
  0x00007fa1f4f56f88: 7c4f 0749 | ba74 6ef5 | f4a1 7f00 | 004d 8997 | 3805 0000 

  0x00007fa1f4f56f9c: ;   {runtime_call SafepointBlob}
  0x00007fa1f4f56f9c: e9bf f842 

  0x00007fa1f4f56fa0: ;   {runtime_call C1 Runtime throw_null_pointer_exception_blob}
  0x00007fa1f4f56fa0: 07e8 3a7c 

  0x00007fa1f4f56fa4: ; ImmutableOopMap {rdx=Oop rcx=Oop rdi=Oop [80]=Oop }
                      ;*invokeinterface invoke {reexecute=0 rethrow=0 return_oop=0}
                      ; - java.lang.reflect.Method::invoke@102
                      ;   {internal_word}
  0x00007fa1f4f56fa4: 4f07 49ba | 346f f5f4 | a17f 0000 | 4d89 9738 

  0x00007fa1f4f56fb4: ;   {runtime_call SafepointBlob}
  0x00007fa1f4f56fb4: 0500 00e9 | a4f8 4207 | 498b 87e0 | 0500 0049 | c787 e005 | 0000 0000 | 0000 49c7 | 87e8 0500 
  0x00007fa1f4f56fd4: 0000 0000 | 0048 81c4 | 8000 0000 

  0x00007fa1f4f56fe0: ;   {runtime_call C1 Runtime unwind_exception_blob}
  0x00007fa1f4f56fe0: 5de9 fa6c | 4f07 f4f4 
[Stub Code]
  0x00007fa1f4f56fe8: ;   {other}
  0x00007fa1f4f56fe8: 0f1f 4400 

  0x00007fa1f4f56fec: ;   {static_stub}
  0x00007fa1f4f56fec: 0048 bb00 | 0000 0000 

  0x00007fa1f4f56ff4: ;   {runtime_call nmethod}
  0x00007fa1f4f56ff4: 0000 00e9 | fbff ffff 

  0x00007fa1f4f56ffc: ;   {static_stub}
  0x00007fa1f4f56ffc: 9048 bb00 | 0000 0000 

  0x00007fa1f4f57004: ;   {runtime_call nmethod}
  0x00007fa1f4f57004: 0000 00e9 | fbff ffff 

  0x00007fa1f4f5700c: ;   {static_stub}
  0x00007fa1f4f5700c: 48bb 0000 | 0000 0000 

  0x00007fa1f4f57014: ;   {runtime_call nmethod}
  0x00007fa1f4f57014: 0000 e9fb 

  0x00007fa1f4f57018: ;   {static_stub}
  0x00007fa1f4f57018: ffff ff48 | bb00 0000 | 0000 0000 

  0x00007fa1f4f57024: ;   {runtime_call nmethod}
  0x00007fa1f4f57024: 00e9 fbff 

  0x00007fa1f4f57028: ;   {static_stub}
  0x00007fa1f4f57028: ffff 48bb | 0000 0000 | 0000 0000 

  0x00007fa1f4f57034: ;   {runtime_call nmethod}
  0x00007fa1f4f57034: e9fb ffff 

  0x00007fa1f4f57038: ;   {static_stub}
  0x00007fa1f4f57038: ff48 bb20 | 6e06 d0a1 

  0x00007fa1f4f57040: ;   {runtime_call I2C/C2I adapters}
  0x00007fa1f4f57040: 7f00 00e9 | eaeb 4207 
[Exception Handler]
  0x00007fa1f4f57048: ;   {runtime_call C1 Runtime handle_exception_from_callee_blob}
  0x00007fa1f4f57048: e893 994f 

  0x00007fa1f4f5704c: ;   {external_word}
  0x00007fa1f4f5704c: 0748 bf3c | 9737 0fa2 | 7f00 0048 

  0x00007fa1f4f57058: ;   {runtime_call MacroAssembler::debug64(char*, long, long*)}
  0x00007fa1f4f57058: 83e4 f0e8 | 6055 df19 

  0x00007fa1f4f57060: ;   {section_word}
  0x00007fa1f4f57060: f449 ba61 | 70f5 f4a1 | 7f00 0041 

  0x00007fa1f4f5706c: ;   {runtime_call DeoptimizationBlob}
  0x00007fa1f4f5706c: 52e9 eefa | 4207 f4f4 | f4f4 f4f4 
[/MachCode]


Compiled method (c1) 3437  489       3       java.lang.invoke.DirectMethodHandle$Holder::invokeStatic (15 bytes)
 total in heap  [0x00007fa1f4e8a688,0x00007fa1f4e8ab48] = 1216
 main code      [0x00007fa1f4e8a780,0x00007fa1f4e8aaf8] = 888
 stub code      [0x00007fa1f4e8aaf8,0x00007fa1f4e8ab48] = 80
 mutable data [0x00007fa1a80cb000,0x00007fa1a80cb070] = 112
 relocation     [0x00007fa1a80cb000,0x00007fa1a80cb060] = 96
 metadata       [0x00007fa1a80cb060,0x00007fa1a80cb070] = 16
 immutable data [0x00007fa1a80caf20,0x00007fa1a80caff0] = 208
 dependencies   [0x00007fa1a80caf20,0x00007fa1a80caf28] = 8
 nul chk table  [0x00007fa1a80caf28,0x00007fa1a80caf38] = 16
 scopes pcs     [0x00007fa1a80caf38,0x00007fa1a80cafa8] = 112
 scopes data    [0x00007fa1a80cafa8,0x00007fa1a80caff0] = 72

[Constant Pool (empty)]

[MachCode]
[Verified Entry Point]
  # {method} {0x00007fa1d0357ce8} 'invokeStatic' '(Ljava/lang/Object;Ljava/lang/Object;Ljava/lang/Object;)Ljava/lang/Object;' in 'java/lang/invoke/DirectMethodHandle$Holder'
  # parm0:    rsi:rsi   = 'java/lang/Object'
  # parm1:    rdx:rdx   = 'java/lang/Object'
  # parm2:    rcx:rcx   = 'java/lang/Object'
  #           [sp+0x50]  (sp of caller)
  0x00007fa1f4e8a780: 8984 2400 | c0fe ff55 | 4883 ec40 | 4181 7f20 | 0700 0000 

  0x00007fa1f4e8a794: ;   {runtime_call Stub::method_entry_barrier}
  0x00007fa1f4e8a794: 7405 e885 

  0x00007fa1f4e8a798: ;   {metadata(method data for {method} {0x00007fa1d0357ce8} 'invokeStatic' '(Ljava/lang/Object;Ljava/lang/Object;Ljava/lang/Object;)Ljava/lang/Object;' in 'java/lang/invoke/DirectMethodHandle$Holder')}
  0x00007fa1f4e8a798: 174e 0748 | bf00 bd8c | d0a1 7f00 | 0048 8dbf | e001 0000 | 4885 f675 | 0cf6 0701 | 7522 f048 
  0x00007fa1f4e8a7b8: 830f 01eb | 1b8b 5e08 | 4c8b d348 | 331f 48f7 | c3fc ffff | ff74 09f6 | c302 7504 | 4883 0f02 
  0x00007fa1f4e8a7d8: 4885 d275 | 0ef6 4710 | 0175 25f0 | 4883 4f10 | 01eb 1d8b | 5a08 4c8b | d348 335f | 1048 f7c3 
  0x00007fa1f4e8a7f8: fcff ffff | 740a f6c3 | 0275 0548 | 834f 1002 

  0x00007fa1f4e8a808: ;   {metadata(method data for {method} {0x00007fa1d0357ce8} 'invokeStatic' '(Ljava/lang/Object;Ljava/lang/Object;Ljava/lang/Object;)Ljava/lang/Object;' in 'java/lang/invoke/DirectMethodHandle$Holder')}
  0x00007fa1f4e8a808: 48bf 00bd | 8cd0 a17f | 0000 8b9f | 9000 0000 | 83c3 0289 | 9f90 0000 | 0081 e3fe | 0700 0085 
  0x00007fa1f4e8a828: db0f 843b 

  0x00007fa1f4e8a82c: ;   {metadata(method data for {method} {0x00007fa1d0357ce8} 'invokeStatic' '(Ljava/lang/Object;Ljava/lang/Object;Ljava/lang/Object;)Ljava/lang/Object;' in 'java/lang/invoke/DirectMethodHandle$Holder')}
  0x00007fa1f4e8a82c: 0200 0048 | bf00 bd8c | d0a1 7f00 | 0048 8dbf | e800 0000 | 4885 f675 | 0ef6 4708 | 0175 25f0 
  0x00007fa1f4e8a84c: 4883 4f08 | 01eb 1d8b | 5e08 4c8b | d348 335f | 0848 f7c3 | fcff ffff | 740a f6c3 | 0275 0548 
  0x00007fa1f4e8a86c: 834f 0802 

  0x00007fa1f4e8a870: ;   {metadata(method data for {method} {0x00007fa1d0357ce8} 'invokeStatic' '(Ljava/lang/Object;Ljava/lang/Object;Ljava/lang/Object;)Ljava/lang/Object;' in 'java/lang/invoke/DirectMethodHandle$Holder')}
  0x00007fa1f4e8a870: 48bf 00bd | 8cd0 a17f | 0000 4883 | 87d8 0000 

  0x00007fa1f4e8a880: ;   {metadata(method data for {method} {0x00007fa1d0079a70} 'internalMemberName' '(Ljava/lang/Object;)Ljava/lang/Object;' in 'java/lang/invoke/DirectMethodHandle')}
  0x00007fa1f4e8a880: 0001 48bf | b01c 8bd0 | a17f 0000 | 8b9f 9000 | 0000 83c3 | 0289 9f90 | 0000 0081 | e3fe ff1f 
  0x00007fa1f4e8a8a0: 0085 db0f | 84e2 0100 | 0048 85f6 

  0x00007fa1f4e8a8ac: ;   {metadata(method data for {method} {0x00007fa1d0079a70} 'internalMemberName' '(Ljava/lang/Object;)Ljava/lang/Object;' in 'java/lang/invoke/DirectMethodHandle')}
  0x00007fa1f4e8a8ac: 48bb b01c | 8bd0 a17f | 0000 750c | 808b d100 | 0000 01e9 | 9500 0000 | 8b46 0848 | 3b83 e000 
  0x00007fa1f4e8a8cc: 0000 750d | 4883 83e8 | 0000 0001 | e960 0000 | 0048 3b83 | f000 0000 | 750d 4883 | 83f8 0000 
  0x00007fa1f4e8a8ec: 0001 e94a | 0000 0048 | 83bb e000 | 0000 0075 | 1748 8983 | e000 0000 | 48c7 83e8 | 0000 0001 
  0x00007fa1f4e8a90c: 0000 00e9 | 2900 0000 | 4883 bbf0 | 0000 0000 | 7517 4889 | 83f0 0000 | 0048 c783 | f800 0000 
  0x00007fa1f4e8a92c: 0100 0000 | e908 0000 | 0048 8383 | d800 0000 

  0x00007fa1f4e8a93c: ;   {metadata('java/lang/invoke/DirectMethodHandle')}
  0x00007fa1f4e8a93c: 0148 b850 | cb00 1000 | 0000 008b | 5e08 483b | 4340 0f85 | 5801 0000 | e900 0000 | 008b 7e20 
  0x00007fa1f4e8a95c: ;   {metadata(method data for {method} {0x00007fa1d0357ce8} 'invokeStatic' '(Ljava/lang/Object;Ljava/lang/Object;Ljava/lang/Object;)Ljava/lang/Object;' in 'java/lang/invoke/DirectMethodHandle$Holder')}
  0x00007fa1f4e8a95c: 48be 00bd | 8cd0 a17f | 0000 488d | b6f8 0000 | 0048 85ff | 750a f606 | 0175 05f0 | 4883 0e01 
  0x00007fa1f4e8a97c: ;   {metadata(method data for {method} {0x00007fa1d0357ce8} 'invokeStatic' '(Ljava/lang/Object;Ljava/lang/Object;Ljava/lang/Object;)Ljava/lang/Object;' in 'java/lang/invoke/DirectMethodHandle$Holder')}
  0x00007fa1f4e8a97c: 48be 00bd | 8cd0 a17f | 0000 488d | b648 0100 | 0048 85d2 | 750e f646 | 0801 7525 | f048 834e 
  0x00007fa1f4e8a99c: 0801 eb1d | 8b5a 084c | 8bd3 4833 | 5e08 48f7 | c3fc ffff | ff74 0af6 | c302 7505 | 4883 4e08 
  0x00007fa1f4e8a9bc: 0248 85c9 | 750e f646 | 1801 7525 | f048 834e | 1801 eb1d | 8b59 084c | 8bd3 4833 | 5e18 48f7 
  0x00007fa1f4e8a9dc: c3fc ffff | ff74 0af6 | c302 7505 | 4883 4e18 

  0x00007fa1f4e8a9ec: ;   {metadata(method data for {method} {0x00007fa1d0357ce8} 'invokeStatic' '(Ljava/lang/Object;Ljava/lang/Object;Ljava/lang/Object;)Ljava/lang/Object;' in 'java/lang/invoke/DirectMethodHandle$Holder')}
  0x00007fa1f4e8a9ec: 0248 be00 | bd8c d0a1 | 7f00 0048 | 8386 3801 | 0000 0148 | 8bf2 488b | d148 8bcf | 0f1f 8000 
  0x00007fa1f4e8aa0c: ;   {static_call}
  0x00007fa1f4e8aa0c: 0000 00e8 

  0x00007fa1f4e8aa10: ; ImmutableOopMap {}
                      ;*invokestatic linkToStatic {reexecute=0 rethrow=0 return_oop=0}
                      ; - java.lang.invoke.DirectMethodHandle$Holder::invokeStatic@11
  0x00007fa1f4e8aa10: 6cf3 a307 

  0x00007fa1f4e8aa14: ;   {post_call_nop}
  0x00007fa1f4e8aa14: 0f1f 8400 | 8c03 0000 

  0x00007fa1f4e8aa1c: ;   {metadata(method data for {method} {0x00007fa1d0357ce8} 'invokeStatic' '(Ljava/lang/Object;Ljava/lang/Object;Ljava/lang/Object;)Ljava/lang/Object;' in 'java/lang/invoke/DirectMethodHandle$Holder')}
  0x00007fa1f4e8aa1c: 48be 00bd | 8cd0 a17f | 0000 488d | b668 0100 | 0048 85c0 | 750c f606 | 0175 23f0 | 4883 0e01 
  0x00007fa1f4e8aa3c: eb1c 8b78 | 084c 8bd7 | 4833 3e48 | f7c7 fcff | ffff 740a | 40f6 c702 | 7504 4883 | 0e02 4883 
  0x00007fa1f4e8aa5c: ;   {poll_return}
  0x00007fa1f4e8aa5c: c440 5d49 | 3b67 280f | 8751 0000 

  0x00007fa1f4e8aa68: ;   {metadata({method} {0x00007fa1d0357ce8} 'invokeStatic' '(Ljava/lang/Object;Ljava/lang/Object;Ljava/lang/Object;)Ljava/lang/Object;' in 'java/lang/invoke/DirectMethodHandle$Holder')}
  0x00007fa1f4e8aa68: 00c3 49ba | e87c 35d0 | a17f 0000 | 4c89 5424 | 0848 c704 | 24ff ffff 

  0x00007fa1f4e8aa80: ;   {runtime_call C1 Runtime counter_overflow_blob}
  0x00007fa1f4e8aa80: ffe8 5a93 

  0x00007fa1f4e8aa84: ; ImmutableOopMap {rsi=Oop rdx=Oop rcx=Oop }
                      ;*synchronization entry
                      ; - java.lang.invoke.DirectMethodHandle$Holder::invokeStatic@-1
  0x00007fa1f4e8aa84: 5c07 e9a4 

  0x00007fa1f4e8aa88: ;   {metadata({method} {0x00007fa1d0079a70} 'internalMemberName' '(Ljava/lang/Object;)Ljava/lang/Object;' in 'java/lang/invoke/DirectMethodHandle')}
  0x00007fa1f4e8aa88: fdff ff49 | ba70 9a07 | d0a1 7f00 | 004c 8954 | 2408 48c7 | 0424 ffff 

  0x00007fa1f4e8aaa0: ;   {runtime_call C1 Runtime counter_overflow_blob}
  0x00007fa1f4e8aaa0: ffff e839 

  0x00007fa1f4e8aaa4: ; ImmutableOopMap {rsi=Oop rdx=Oop rcx=Oop }
                      ;*synchronization entry
                      ; - java.lang.invoke.DirectMethodHandle::internalMemberName@-1
                      ; - java.lang.invoke.DirectMethodHandle$Holder::invokeStatic@1
  0x00007fa1f4e8aaa4: 935c 07e9 | fdfd ffff | 4889 3424 

  0x00007fa1f4e8aab0: ;   {runtime_call C1 Runtime throw_class_cast_exception_blob}
  0x00007fa1f4e8aab0: e82b 655c 

  0x00007fa1f4e8aab4: ; ImmutableOopMap {rdx=Oop rcx=Oop }
                      ;*checkcast {reexecute=0 rethrow=0 return_oop=0}
                      ; - java.lang.invoke.DirectMethodHandle::internalMemberName@1
                      ; - java.lang.invoke.DirectMethodHandle$Holder::invokeStatic@1
                      ;   {runtime_call C1 Runtime throw_null_pointer_exception_blob}
  0x00007fa1f4e8aab4: 07e8 2641 

  0x00007fa1f4e8aab8: ; ImmutableOopMap {rdx=Oop rcx=Oop }
                      ;*getfield member {reexecute=1 rethrow=0 return_oop=0}
                      ; - (reexecute) java.lang.invoke.DirectMethodHandle::internalMemberName@4
                      ; - java.lang.invoke.DirectMethodHandle$Holder::invokeStatic@1
                      ;   {internal_word}
  0x00007fa1f4e8aab8: 5c07 49ba | 5faa e8f4 | a17f 0000 | 4d89 9738 

  0x00007fa1f4e8aac8: ;   {runtime_call SafepointBlob}
  0x00007fa1f4e8aac8: 0500 00e9 | 90bd 4f07 | 498b 87e0 | 0500 0049 | c787 e005 | 0000 0000 | 0000 49c7 | 87e8 0500 
  0x00007fa1f4e8aae8: 0000 0000 | 0048 83c4 

  0x00007fa1f4e8aaf0: ;   {runtime_call C1 Runtime unwind_exception_blob}
  0x00007fa1f4e8aaf0: 405d e9e9 | 315c 07f4 
[Stub Code]
  0x00007fa1f4e8aaf8: ;   {static_stub}
  0x00007fa1f4e8aaf8: 48bb 0000 | 0000 0000 

  0x00007fa1f4e8ab00: ;   {runtime_call nmethod}
  0x00007fa1f4e8ab00: 0000 e9fb 

  0x00007fa1f4e8ab04: ;   {runtime_call C1 Runtime handle_exception_from_callee_blob}
  0x00007fa1f4e8ab04: ffff ffe8 | d45e 5c07 

  0x00007fa1f4e8ab0c: ;   {external_word}
  0x00007fa1f4e8ab0c: 48bf 3c97 | 370f a27f | 0000 4883 

  0x00007fa1f4e8ab18: ;   {runtime_call MacroAssembler::debug64(char*, long, long*)}
  0x00007fa1f4e8ab18: e4f0 e8a1 | 1aec 19f4 
[Deopt Handler Code]
  0x00007fa1f4e8ab20: ;   {section_word}
  0x00007fa1f4e8ab20: 49ba 20ab | e8f4 a17f | 0000 4152 

  0x00007fa1f4e8ab2c: ;   {runtime_call DeoptimizationBlob}
  0x00007fa1f4e8ab2c: e92f c04f 

  0x00007fa1f4e8ab30: ;   {section_word}
  0x00007fa1f4e8ab30: 0749 ba31 | abe8 f4a1 | 7f00 0041 

  0x00007fa1f4e8ab3c: ;   {runtime_call DeoptimizationBlob}
  0x00007fa1f4e8ab3c: 52e9 1ec0 | 4f07 f4f4 | f4f4 f4f4 
[/MachCode]


---------------  P R O C E S S  ---------------

Threads class SMR info:
_java_thread_list=0x00007fa094014d30, length=46, elements={
0x00007fa20802e010, 0x00007fa2081488c0, 0x00007fa20814a070, 0x00007fa20814baa0,
0x00007fa20814d2f0, 0x00007fa20814eaa0, 0x00007fa2081507d0, 0x00007fa2081520f0,
0x00007fa208215ae0, 0x00007fa208218280, 0x00007fa1a83b46b0, 0x00007fa208543120,
0x00007fa13c001930, 0x00007fa2085390b0, 0x00007fa20853a420, 0x00007fa20853b080,
0x00007fa20853cb80, 0x00007fa2087da8d0, 0x00007fa208813890, 0x00007fa208814cd0,
0x00007fa2088217c0, 0x00007fa1580054b0, 0x00007fa164001130, 0x00007fa1580068c0,
0x00007fa1580079f0, 0x00007fa158008eb0, 0x00007fa15800a370, 0x00007fa1a86ae9e0,
0x00007fa2089d0d50, 0x00007fa16c022750, 0x00007fa16c6fe270, 0x00007fa208844500,
0x00007fa15404b3d0, 0x00007fa208aecfb0, 0x00007fa20892d5a0, 0x00007fa20892e930,
0x00007fa208c9f6d0, 0x00007fa0e8025640, 0x00007fa208dfcae0, 0x00007fa208e84190,
0x00007fa0d8000f40, 0x00007fa0c8000f40, 0x00007fa2090aa930, 0x00007fa209534080,
0x00007fa094011730, 0x00007fa094013b60
}

Java Threads: ( => current thread )
=>0x00007fa20802e010 JavaThread "main"                              [_thread_in_native, id=3152662, stack(0x00007fa20df00000,0x00007fa20e000000) (1024K)]
  0x00007fa2081488c0 JavaThread "Reference Handler"          daemon [_thread_blocked, id=3152670, stack(0x00007fa1f17fd000,0x00007fa1f18fd000) (1024K)]
  0x00007fa20814a070 JavaThread "Finalizer"                  daemon [_thread_blocked, id=3152671, stack(0x00007fa1f16fd000,0x00007fa1f17fd000) (1024K)]
  0x00007fa20814baa0 JavaThread "Signal Dispatcher"          daemon [_thread_blocked, id=3152672, stack(0x00007fa1f15fd000,0x00007fa1f16fd000) (1024K)]
  0x00007fa20814d2f0 JavaThread "Service Thread"             daemon [_thread_blocked, id=3152673, stack(0x00007fa1f14fd000,0x00007fa1f15fd000) (1024K)]
  0x00007fa20814eaa0 JavaThread "Monitor Deflation Thread"   daemon [_thread_blocked, id=3152674, stack(0x00007fa1f13fd000,0x00007fa1f14fd000) (1024K)]
  0x00007fa2081507d0 JavaThread "C2 CompilerThread0"         daemon [_thread_blocked, id=3152675, stack(0x00007fa1f12fd000,0x00007fa1f13fd000) (1024K)]
  0x00007fa2081520f0 JavaThread "C1 CompilerThread0"         daemon [_thread_blocked, id=3152676, stack(0x00007fa1f11fd000,0x00007fa1f12fd000) (1024K)]
  0x00007fa208215ae0 JavaThread "Notification Thread"        daemon [_thread_blocked, id=3152677, stack(0x00007fa1f10fd000,0x00007fa1f11fd000) (1024K)]
  0x00007fa208218280 JavaThread "Common-Cleaner"             daemon [_thread_blocked, id=3152678, stack(0x00007fa1f0ffd000,0x00007fa1f10fd000) (1024K)]
  0x00007fa1a83b46b0 JavaThread "C2 CompilerThread1"         daemon [_thread_blocked, id=3152716, stack(0x00007fa198230000,0x00007fa198431000) (2052K)]
  0x00007fa208543120 JavaThread "Equinox resolver thread - Equinox Container: 58005216-1e02-45f6-92d4-6f9ea7c1146e" daemon [_thread_blocked, id=3152722, stack(0x00007fa14fdff000,0x00007fa150000000) (2052K)]
  0x00007fa13c001930 JavaThread "Equinox resolver thread - Equinox Container: 58005216-1e02-45f6-92d4-6f9ea7c1146e" daemon [_thread_blocked, id=3152723, stack(0x00007fa14fbfe000,0x00007fa14fdff000) (2052K)]
  0x00007fa2085390b0 JavaThread "Equinox resolver thread - Equinox Container: 58005216-1e02-45f6-92d4-6f9ea7c1146e" daemon [_thread_blocked, id=3152724, stack(0x00007fa14f9fd000,0x00007fa14fbfe000) (2052K)]
  0x00007fa20853a420 JavaThread "Equinox resolver thread - Equinox Container: 58005216-1e02-45f6-92d4-6f9ea7c1146e" daemon [_thread_blocked, id=3152725, stack(0x00007fa19802f000,0x00007fa198230000) (2052K)]
  0x00007fa20853b080 JavaThread "Equinox resolver thread - Equinox Container: 58005216-1e02-45f6-92d4-6f9ea7c1146e" daemon [_thread_blocked, id=3152726, stack(0x00007fa198833000,0x00007fa198a34000) (2052K)]
  0x00007fa20853cb80 JavaThread "Equinox resolver thread - Equinox Container: 58005216-1e02-45f6-92d4-6f9ea7c1146e" daemon [_thread_blocked, id=3152727, stack(0x00007fa198e36000,0x00007fa199037000) (2052K)]
  0x00007fa2087da8d0 JavaThread "Active Thread: Equinox Container: 58005216-1e02-45f6-92d4-6f9ea7c1146e"        [_thread_blocked, id=3152728, stack(0x00007fa198632000,0x00007fa198833000) (2052K)]
  0x00007fa208813890 JavaThread "Framework Event Dispatcher: Equinox Container: 58005216-1e02-45f6-92d4-6f9ea7c1146e" daemon [_thread_blocked, id=3152729, stack(0x00007fa198431000,0x00007fa198632000) (2052K)]
  0x00007fa208814cd0 JavaThread "Start Level: Equinox Container: 58005216-1e02-45f6-92d4-6f9ea7c1146e" daemon [_thread_blocked, id=3152730, stack(0x00007fa199037000,0x00007fa199238000) (2052K)]
  0x00007fa2088217c0 JavaThread "Refresh Thread: Equinox Container: 58005216-1e02-45f6-92d4-6f9ea7c1146e" daemon [_thread_blocked, id=3152731, stack(0x00007fa198a34000,0x00007fa198c35000) (2052K)]
  0x00007fa1580054b0 JavaThread "Equinox resolver thread - Equinox Container: 58005216-1e02-45f6-92d4-6f9ea7c1146e" daemon [_thread_blocked, id=3152732, stack(0x00007fa198c35000,0x00007fa198e36000) (2052K)]
  0x00007fa164001130 JavaThread "Equinox resolver thread - Equinox Container: 58005216-1e02-45f6-92d4-6f9ea7c1146e" daemon [_thread_blocked, id=3152733, stack(0x00007fa14f74f000,0x00007fa14f84f000) (1024K)]
  0x00007fa1580068c0 JavaThread "Equinox resolver thread - Equinox Container: 58005216-1e02-45f6-92d4-6f9ea7c1146e" daemon [_thread_blocked, id=3152734, stack(0x00007fa14f64f000,0x00007fa14f74f000) (1024K)]
  0x00007fa1580079f0 JavaThread "Equinox resolver thread - Equinox Container: 58005216-1e02-45f6-92d4-6f9ea7c1146e" daemon [_thread_blocked, id=3152735, stack(0x00007fa14f54f000,0x00007fa14f64f000) (1024K)]
  0x00007fa158008eb0 JavaThread "Equinox resolver thread - Equinox Container: 58005216-1e02-45f6-92d4-6f9ea7c1146e" daemon [_thread_blocked, id=3152736, stack(0x00007fa14f44f000,0x00007fa14f54f000) (1024K)]
  0x00007fa15800a370 JavaThread "Equinox resolver thread - Equinox Container: 58005216-1e02-45f6-92d4-6f9ea7c1146e" daemon [_thread_blocked, id=3152737, stack(0x00007fa14f34f000,0x00007fa14f44f000) (1024K)]
  0x00007fa1a86ae9e0 JavaThread "C2 CompilerThread2"         daemon [_thread_blocked, id=3152747, stack(0x00007fa14e946000,0x00007fa14ea46000) (1024K)]
  0x00007fa2089d0d50 JavaThread "Bundle File Closer"         daemon [_thread_blocked, id=3152748, stack(0x00007fa14e846000,0x00007fa14e946000) (1024K)]
  0x00007fa16c022750 JavaThread "SCR Component Actor"        daemon [_thread_blocked, id=3152777, stack(0x00007fa14e746000,0x00007fa14e846000) (1024K)]
  0x00007fa16c6fe270 JavaThread "EMF Reference Cleaner"      daemon [_thread_blocked, id=3152778, stack(0x00007fa14e646000,0x00007fa14e746000) (1024K)]
  0x00007fa208844500 JavaThread "Gogo shell"                        [_thread_blocked, id=3152779, stack(0x00007fa14e546000,0x00007fa14e646000) (1024K)]
  0x00007fa15404b3d0 JavaThread "Worker-JM"                         [_thread_blocked, id=3152782, stack(0x00007fa14e346000,0x00007fa14e446000) (1024K)]
  0x00007fa208aecfb0 JavaThread "Worker-0"                          [_thread_blocked, id=3152783, stack(0x00007fa14e446000,0x00007fa14e546000) (1024K)]
  0x00007fa20892d5a0 JavaThread "Java2D Disposer"            daemon [_thread_blocked, id=3152785, stack(0x00007fa14dd57000,0x00007fa14de57000) (1024K)]
  0x00007fa20892e930 JavaThread "AWT-XAWT"                   daemon [_thread_in_native, id=3152786, stack(0x00007fa14dc57000,0x00007fa14dd57000) (1024K)]
  0x00007fa208c9f6d0 JavaThread "Database navigator events processor"        [_thread_blocked, id=3152812, stack(0x00007fa14db57000,0x00007fa14dc57000) (1024K)]
  0x00007fa0e8025640 JavaThread "Worker-2"                          [_thread_blocked, id=3152813, stack(0x00007fa14da57000,0x00007fa14db57000) (1024K)]
  0x00007fa208dfcae0 JavaThread "idle-timeout-task"          daemon [_thread_blocked, id=3152816, stack(0x00007fa14d4ff000,0x00007fa14d5ff000) (1024K)]
  0x00007fa208e84190 JavaThread "HTTP-Dispatcher"                   [_thread_in_native, id=3152817, stack(0x00007fa14d3ff000,0x00007fa14d4ff000) (1024K)]
  0x00007fa0d8000f40 JavaThread "Worker-3"                          [_thread_blocked, id=3152818, stack(0x00007fa14d2ff000,0x00007fa14d3ff000) (1024K)]
  0x00007fa0c8000f40 JavaThread "Worker-4"                          [_thread_blocked, id=3152819, stack(0x00007fa14d1ff000,0x00007fa14d2ff000) (1024K)]
  0x00007fa2090aa930 JavaThread "SWTResourceTracker"         daemon [_thread_blocked, id=3152820, stack(0x00007fa14d0ff000,0x00007fa14d1ff000) (1024K)]
  0x00007fa209534080 JavaThread "EventAdmin Async Event Dispatcher Thread" daemon [_thread_blocked, id=3152899, stack(0x00007fa0a3bfe000,0x00007fa0a3dff000) (2052K)]
  0x00007fa094011730 JavaThread "pool-2-thread-1"                   [_thread_blocked, id=3152900, stack(0x00007fa14c475000,0x00007fa14c676000) (2052K)]
  0x00007fa094013b60 JavaThread "pool-3-thread-1"                   [_thread_blocked, id=3152901, stack(0x00007fa0a3069000,0x00007fa0a326a000) (2052K)]
Total: 46

Other Threads:
  0x00007fa208112a30 VMThread "VM Thread"                           [id=3152669, stack(0x00007fa1f18fe000,0x00007fa1f19fe000) (1024K)]
  0x00007fa2080d69c0 WatcherThread "VM Periodic Task Thread"        [id=3152668, stack(0x00007fa1f19ff000,0x00007fa1f1aff000) (1024K)]
  0x00007fa208071010 WorkerThread "GC Thread#0"                     [id=3152663, stack(0x00007fa20cd00000,0x00007fa20ce00000) (1024K)]
  0x00007fa1d80084e0 WorkerThread "GC Thread#1"                     [id=3152738, stack(0x00007fa14f24f000,0x00007fa14f34f000) (1024K)]
  0x00007fa1d8009280 WorkerThread "GC Thread#2"                     [id=3152739, stack(0x00007fa14f14e000,0x00007fa14f24e000) (1024K)]
  0x00007fa1d800a020 WorkerThread "GC Thread#3"                     [id=3152740, stack(0x00007fa14f04d000,0x00007fa14f14d000) (1024K)]
  0x00007fa1d8010300 WorkerThread "GC Thread#4"                     [id=3152741, stack(0x00007fa14ef4c000,0x00007fa14f04c000) (1024K)]
  0x00007fa1d8010f10 WorkerThread "GC Thread#5"                     [id=3152742, stack(0x00007fa14ee4b000,0x00007fa14ef4b000) (1024K)]
  0x00007fa1d8011cb0 WorkerThread "GC Thread#6"                     [id=3152743, stack(0x00007fa14ed4a000,0x00007fa14ee4a000) (1024K)]
  0x00007fa1d8012a50 WorkerThread "GC Thread#7"                     [id=3152744, stack(0x00007fa14ec49000,0x00007fa14ed49000) (1024K)]
  0x00007fa1d8013810 WorkerThread "GC Thread#8"                     [id=3152745, stack(0x00007fa14eb48000,0x00007fa14ec48000) (1024K)]
  0x00007fa1d80149f0 WorkerThread "GC Thread#9"                     [id=3152746, stack(0x00007fa14ea47000,0x00007fa14eb47000) (1024K)]
  0x00007fa20807e7f0 ConcurrentGCThread "G1 Main Marker"            [id=3152664, stack(0x00007fa20cbff000,0x00007fa20ccff000) (1024K)]
  0x00007fa20807f8f0 WorkerThread "G1 Conc#0"                       [id=3152665, stack(0x00007fa20cafe000,0x00007fa20cbfe000) (1024K)]
  0x00007fa1e4000ce0 WorkerThread "G1 Conc#1"                       [id=3152775, stack(0x00007fa199751000,0x00007fa199951000) (2048K)]
  0x00007fa1e40018c0 WorkerThread "G1 Conc#2"                       [id=3152776, stack(0x00007fa199550000,0x00007fa199750000) (2048K)]
  0x00007fa2080c9860 ConcurrentGCThread "G1 Refine#0"               [id=3152666, stack(0x00007fa1f4cfe000,0x00007fa1f4dfe000) (1024K)]
  0x00007fa2080ca980 ConcurrentGCThread "G1 Service"                [id=3152667, stack(0x00007fa1f1b00000,0x00007fa1f1c00000) (1024K)]
Total: 18

Threads with active compile tasks:
Total: 0

VM state: not at safepoint (normal execution)

VM Mutex/Monitor currently owned by a thread: None

Heap address: 0x00000000c0000000, size: 1024 MB, Compressed Oops mode: 32-bit

CDS archive(s) not mapped
Compressed class space mapped at: 0x0000000010000000-0x0000000050000000, reserved size: 1073741824
UseCompressedClassPointers 1, UseCompactObjectHeaders 0
Narrow klass pointer bits 32, Max shift 3
Narrow klass base: 0x0000000000000000, Narrow klass shift: 0
Encoding Range: [0x0000000000000000 - 0x0000000100000000), (4294967296 bytes)
Klass Range:    [0x0000000010000000 - 0x0000000050000000), (1073741824 bytes)
Klass ID Range:  [268435456 - 1342177273) (1073741817)
No protection zone.

GC Precious Log:
 CardTable entry size: 512
 Card Set container configuration: InlinePtr #cards 5 size 8 Array Of Cards #cards 10 size 36 Howl #buckets 4 coarsen threshold 1843 Howl Bitmap #cards 512 size 80 coarsen threshold 460 Card regions per heap region 1 cards per card region 2048
 CPUs: 12 total, 12 available
 Memory: 31875M
 Large Page Support: Disabled
 NUMA Support: Disabled
 Compressed Oops: Enabled (32-bit)
 Heap Region Size: 1M
 Heap Min Capacity: 64M
 Heap Initial Capacity: 64M
 Heap Max Capacity: 1G
 Pre-touch: Disabled
 Parallel Workers: 10
 Concurrent Workers: 3
 Concurrent Refinement Workers: 10
 Periodic GC: Disabled

Heap:
 garbage-first heap   total reserved 1048576K, committed 126976K, used 69712K [0x00000000c0000000, 0x0000000100000000)
  region size 1024K, 28 young (28672K), 2 survivors (2048K)

Heap Regions: E=young(eden), S=young(survivor), O=old, HS=humongous(starts), HC=humongous(continues), CS=collection set, F=free, TAMS=top-at-mark-start, PB=parsable bottom
|   0|0x00000000c0000000, 0x00000000c0100000, 0x00000000c0100000|100%| O|  |TAMS 0x00000000c0000000| PB 0x00000000c0000000| Untracked |  0
|   1|0x00000000c0100000, 0x00000000c0200000, 0x00000000c0200000|100%| O|  |TAMS 0x00000000c0100000| PB 0x00000000c0100000| Untracked |  0
|   2|0x00000000c0200000, 0x00000000c0300000, 0x00000000c0300000|100%| O|  |TAMS 0x00000000c0200000| PB 0x00000000c0200000| Untracked |  0
|   3|0x00000000c0300000, 0x00000000c0400000, 0x00000000c0400000|100%| O|  |TAMS 0x00000000c0300000| PB 0x00000000c0300000| Untracked |  0
|   4|0x00000000c0400000, 0x00000000c0500000, 0x00000000c0500000|100%| O|  |TAMS 0x00000000c0400000| PB 0x00000000c0400000| Untracked |  0
|   5|0x00000000c0500000, 0x00000000c0600000, 0x00000000c0600000|100%| O|  |TAMS 0x00000000c0500000| PB 0x00000000c0500000| Untracked |  0
|   6|0x00000000c0600000, 0x00000000c0700000, 0x00000000c0700000|100%| O|  |TAMS 0x00000000c0600000| PB 0x00000000c0600000| Untracked |  0
|   7|0x00000000c0700000, 0x00000000c0800000, 0x00000000c0800000|100%| O|  |TAMS 0x00000000c0700000| PB 0x00000000c0700000| Untracked |  0
|   8|0x00000000c0800000, 0x00000000c0900000, 0x00000000c0900000|100%| O|  |TAMS 0x00000000c0800000| PB 0x00000000c0800000| Untracked |  0
|   9|0x00000000c0900000, 0x00000000c0a00000, 0x00000000c0a00000|100%| O|  |TAMS 0x00000000c0900000| PB 0x00000000c0900000| Untracked |  0
|  10|0x00000000c0a00000, 0x00000000c0b00000, 0x00000000c0b00000|100%| O|Cm|TAMS 0x00000000c0a00000| PB 0x00000000c0a00000| Complete |  0
|  11|0x00000000c0b00000, 0x00000000c0c00000, 0x00000000c0c00000|100%|HS|  |TAMS 0x00000000c0b00000| PB 0x00000000c0b00000| Complete |  0
|  12|0x00000000c0c00000, 0x00000000c0d00000, 0x00000000c0d00000|100%| O|  |TAMS 0x00000000c0c00000| PB 0x00000000c0c00000| Untracked |  0
|  13|0x00000000c0d00000, 0x00000000c0e00000, 0x00000000c0e00000|100%| O|  |TAMS 0x00000000c0d00000| PB 0x00000000c0d00000| Untracked |  0
|  14|0x00000000c0e00000, 0x00000000c0f00000, 0x00000000c0f00000|100%| O|  |TAMS 0x00000000c0e00000| PB 0x00000000c0e00000| Untracked |  0
|  15|0x00000000c0f00000, 0x00000000c1000000, 0x00000000c1000000|100%| O|  |TAMS 0x00000000c0f00000| PB 0x00000000c0f00000| Untracked |  0
|  16|0x00000000c1000000, 0x00000000c1100000, 0x00000000c1100000|100%|HS|  |TAMS 0x00000000c1000000| PB 0x00000000c1000000| Complete |  0
|  17|0x00000000c1100000, 0x00000000c1200000, 0x00000000c1200000|100%| O|  |TAMS 0x00000000c1100000| PB 0x00000000c1100000| Untracked |  0
|  18|0x00000000c1200000, 0x00000000c1300000, 0x00000000c1300000|100%| O|  |TAMS 0x00000000c1200000| PB 0x00000000c1200000| Untracked |  0
|  19|0x00000000c1300000, 0x00000000c1400000, 0x00000000c1400000|100%| O|  |TAMS 0x00000000c1300000| PB 0x00000000c1300000| Untracked |  0
|  20|0x00000000c1400000, 0x00000000c1500000, 0x00000000c1500000|100%| O|Cm|TAMS 0x00000000c1400000| PB 0x00000000c1400000| Complete |  0
|  21|0x00000000c1500000, 0x00000000c1600000, 0x00000000c1600000|100%| O|  |TAMS 0x00000000c1500000| PB 0x00000000c1500000| Untracked |  0
|  22|0x00000000c1600000, 0x00000000c1700000, 0x00000000c1700000|100%| O|  |TAMS 0x00000000c1600000| PB 0x00000000c1600000| Untracked |  0
|  23|0x00000000c1700000, 0x00000000c1800000, 0x00000000c1800000|100%| O|  |TAMS 0x00000000c1700000| PB 0x00000000c1700000| Untracked |  0
|  24|0x00000000c1800000, 0x00000000c1900000, 0x00000000c1900000|100%| O|  |TAMS 0x00000000c1800000| PB 0x00000000c1800000| Untracked |  0
|  25|0x00000000c1900000, 0x00000000c1a00000, 0x00000000c1a00000|100%| O|  |TAMS 0x00000000c1900000| PB 0x00000000c1900000| Untracked |  0
|  26|0x00000000c1a00000, 0x00000000c1b00000, 0x00000000c1b00000|100%| O|  |TAMS 0x00000000c1a00000| PB 0x00000000c1a00000| Untracked |  0
|  27|0x00000000c1b00000, 0x00000000c1bd3620, 0x00000000c1c00000| 82%| O|  |TAMS 0x00000000c1b00000| PB 0x00000000c1b00000| Untracked |  0
|  28|0x00000000c1c00000, 0x00000000c1d00000, 0x00000000c1d00000|100%|HS|  |TAMS 0x00000000c1c00000| PB 0x00000000c1c00000| Complete |  0
|  29|0x00000000c1d00000, 0x00000000c1e00000, 0x00000000c1e00000|100%|HS|  |TAMS 0x00000000c1d00000| PB 0x00000000c1d00000| Complete |  0
|  30|0x00000000c1e00000, 0x00000000c1f00000, 0x00000000c1f00000|100%|HS|  |TAMS 0x00000000c1e00000| PB 0x00000000c1e00000| Complete |  0
|  31|0x00000000c1f00000, 0x00000000c1f00000, 0x00000000c2000000|  0%| F|  |TAMS 0x00000000c1f00000| PB 0x00000000c1f00000| Untracked |  0
|  32|0x00000000c2000000, 0x00000000c2000000, 0x00000000c2100000|  0%| F|  |TAMS 0x00000000c2000000| PB 0x00000000c2000000| Untracked |  0
|  33|0x00000000c2100000, 0x00000000c2100000, 0x00000000c2200000|  0%| F|  |TAMS 0x00000000c2100000| PB 0x00000000c2100000| Untracked |  0
|  34|0x00000000c2200000, 0x00000000c2200000, 0x00000000c2300000|  0%| F|  |TAMS 0x00000000c2200000| PB 0x00000000c2200000| Untracked |  0
|  35|0x00000000c2300000, 0x00000000c2300000, 0x00000000c2400000|  0%| F|  |TAMS 0x00000000c2300000| PB 0x00000000c2300000| Untracked |  0
|  36|0x00000000c2400000, 0x00000000c2400000, 0x00000000c2500000|  0%| F|  |TAMS 0x00000000c2400000| PB 0x00000000c2400000| Untracked |  0
|  37|0x00000000c2500000, 0x00000000c2500000, 0x00000000c2600000|  0%| F|  |TAMS 0x00000000c2500000| PB 0x00000000c2500000| Untracked |  0
|  38|0x00000000c2600000, 0x00000000c2600000, 0x00000000c2700000|  0%| F|  |TAMS 0x00000000c2600000| PB 0x00000000c2600000| Untracked |  0
|  39|0x00000000c2700000, 0x00000000c2700000, 0x00000000c2800000|  0%| F|  |TAMS 0x00000000c2700000| PB 0x00000000c2700000| Untracked |  0
|  40|0x00000000c2800000, 0x00000000c2800000, 0x00000000c2900000|  0%| F|  |TAMS 0x00000000c2800000| PB 0x00000000c2800000| Untracked |  0
|  41|0x00000000c2900000, 0x00000000c2900000, 0x00000000c2a00000|  0%| F|  |TAMS 0x00000000c2900000| PB 0x00000000c2900000| Untracked |  0
|  42|0x00000000c2a00000, 0x00000000c2a00000, 0x00000000c2b00000|  0%| F|  |TAMS 0x00000000c2a00000| PB 0x00000000c2a00000| Untracked |  0
|  43|0x00000000c2b00000, 0x00000000c2b00000, 0x00000000c2c00000|  0%| F|  |TAMS 0x00000000c2b00000| PB 0x00000000c2b00000| Untracked |  0
|  44|0x00000000c2c00000, 0x00000000c2c00000, 0x00000000c2d00000|  0%| F|  |TAMS 0x00000000c2c00000| PB 0x00000000c2c00000| Untracked |  0
|  45|0x00000000c2d00000, 0x00000000c2d00000, 0x00000000c2e00000|  0%| F|  |TAMS 0x00000000c2d00000| PB 0x00000000c2d00000| Untracked |  0
|  46|0x00000000c2e00000, 0x00000000c2e00000, 0x00000000c2f00000|  0%| F|  |TAMS 0x00000000c2e00000| PB 0x00000000c2e00000| Untracked |  0
|  47|0x00000000c2f00000, 0x00000000c2f00000, 0x00000000c3000000|  0%| F|  |TAMS 0x00000000c2f00000| PB 0x00000000c2f00000| Untracked |  0
|  48|0x00000000c3000000, 0x00000000c3000000, 0x00000000c3100000|  0%| F|  |TAMS 0x00000000c3000000| PB 0x00000000c3000000| Untracked |  0
|  49|0x00000000c3100000, 0x00000000c3200000, 0x00000000c3200000|100%| O|  |TAMS 0x00000000c3100000| PB 0x00000000c3100000| Untracked |  0
|  50|0x00000000c3200000, 0x00000000c3200000, 0x00000000c3300000|  0%| F|  |TAMS 0x00000000c3200000| PB 0x00000000c3200000| Untracked |  0
|  51|0x00000000c3300000, 0x00000000c3300000, 0x00000000c3400000|  0%| F|  |TAMS 0x00000000c3300000| PB 0x00000000c3300000| Untracked |  0
|  52|0x00000000c3400000, 0x00000000c3400000, 0x00000000c3500000|  0%| F|  |TAMS 0x00000000c3400000| PB 0x00000000c3400000| Untracked |  0
|  53|0x00000000c3500000, 0x00000000c3500000, 0x00000000c3600000|  0%| F|  |TAMS 0x00000000c3500000| PB 0x00000000c3500000| Untracked |  0
|  54|0x00000000c3600000, 0x00000000c3600000, 0x00000000c3700000|  0%| F|  |TAMS 0x00000000c3600000| PB 0x00000000c3600000| Untracked |  0
|  55|0x00000000c3700000, 0x00000000c3700000, 0x00000000c3800000|  0%| F|  |TAMS 0x00000000c3700000| PB 0x00000000c3700000| Untracked |  0
|  56|0x00000000c3800000, 0x00000000c3900000, 0x00000000c3900000|100%| O|Cm|TAMS 0x00000000c3800000| PB 0x00000000c3800000| Complete |  0
|  57|0x00000000c3900000, 0x00000000c3a00000, 0x00000000c3a00000|100%| O|  |TAMS 0x00000000c3900000| PB 0x00000000c3900000| Untracked |  0
|  58|0x00000000c3a00000, 0x00000000c3b00000, 0x00000000c3b00000|100%| O|  |TAMS 0x00000000c3a00000| PB 0x00000000c3a00000| Untracked |  0
|  59|0x00000000c3b00000, 0x00000000c3c00000, 0x00000000c3c00000|100%| O|  |TAMS 0x00000000c3b00000| PB 0x00000000c3b00000| Untracked |  0
|  60|0x00000000c3c00000, 0x00000000c3d00000, 0x00000000c3d00000|100%| O|  |TAMS 0x00000000c3c00000| PB 0x00000000c3c00000| Untracked |  0
|  61|0x00000000c3d00000, 0x00000000c3e00000, 0x00000000c3e00000|100%| O|  |TAMS 0x00000000c3d00000| PB 0x00000000c3d00000| Untracked |  0
|  62|0x00000000c3e00000, 0x00000000c3f00000, 0x00000000c3f00000|100%| O|  |TAMS 0x00000000c3e00000| PB 0x00000000c3e00000| Untracked |  0
|  63|0x00000000c3f00000, 0x00000000c4000000, 0x00000000c4000000|100%| O|  |TAMS 0x00000000c3f00000| PB 0x00000000c3f00000| Untracked |  0
|  64|0x00000000c4000000, 0x00000000c4100000, 0x00000000c4100000|100%| O|  |TAMS 0x00000000c4000000| PB 0x00000000c4000000| Untracked |  0
|  65|0x00000000c4100000, 0x00000000c4200000, 0x00000000c4200000|100%| O|  |TAMS 0x00000000c4100000| PB 0x00000000c4100000| Untracked |  0
|  66|0x00000000c4200000, 0x00000000c4200000, 0x00000000c4300000|  0%| F|  |TAMS 0x00000000c4200000| PB 0x00000000c4200000| Untracked |  0
|  67|0x00000000c4300000, 0x00000000c4300000, 0x00000000c4400000|  0%| F|  |TAMS 0x00000000c4300000| PB 0x00000000c4300000| Untracked |  0
|  68|0x00000000c4400000, 0x00000000c4400000, 0x00000000c4500000|  0%| F|  |TAMS 0x00000000c4400000| PB 0x00000000c4400000| Untracked |  0
|  69|0x00000000c4500000, 0x00000000c4500000, 0x00000000c4600000|  0%| F|  |TAMS 0x00000000c4500000| PB 0x00000000c4500000| Untracked |  0
|  70|0x00000000c4600000, 0x00000000c4600000, 0x00000000c4700000|  0%| F|  |TAMS 0x00000000c4600000| PB 0x00000000c4600000| Untracked |  0
|  71|0x00000000c4700000, 0x00000000c4700000, 0x00000000c4800000|  0%| F|  |TAMS 0x00000000c4700000| PB 0x00000000c4700000| Untracked |  0
|  72|0x00000000c4800000, 0x00000000c4800000, 0x00000000c4900000|  0%| F|  |TAMS 0x00000000c4800000| PB 0x00000000c4800000| Untracked |  0
|  73|0x00000000c4900000, 0x00000000c4900000, 0x00000000c4a00000|  0%| F|  |TAMS 0x00000000c4900000| PB 0x00000000c4900000| Untracked |  0
|  74|0x00000000c4a00000, 0x00000000c4a00000, 0x00000000c4b00000|  0%| F|  |TAMS 0x00000000c4a00000| PB 0x00000000c4a00000| Untracked |  0
|  75|0x00000000c4b00000, 0x00000000c4b00000, 0x00000000c4c00000|  0%| F|  |TAMS 0x00000000c4b00000| PB 0x00000000c4b00000| Untracked |  0
|  76|0x00000000c4c00000, 0x00000000c4c00000, 0x00000000c4d00000|  0%| F|  |TAMS 0x00000000c4c00000| PB 0x00000000c4c00000| Untracked |  0
|  77|0x00000000c4d00000, 0x00000000c4d00000, 0x00000000c4e00000|  0%| F|  |TAMS 0x00000000c4d00000| PB 0x00000000c4d00000| Untracked |  0
|  78|0x00000000c4e00000, 0x00000000c4e00000, 0x00000000c4f00000|  0%| F|  |TAMS 0x00000000c4e00000| PB 0x00000000c4e00000| Untracked |  0
|  79|0x00000000c4f00000, 0x00000000c4f00000, 0x00000000c5000000|  0%| F|  |TAMS 0x00000000c4f00000| PB 0x00000000c4f00000| Untracked |  0
|  80|0x00000000c5000000, 0x00000000c5000000, 0x00000000c5100000|  0%| F|  |TAMS 0x00000000c5000000| PB 0x00000000c5000000| Untracked |  0
|  81|0x00000000c5100000, 0x00000000c5100000, 0x00000000c5200000|  0%| F|  |TAMS 0x00000000c5100000| PB 0x00000000c5100000| Untracked |  0
|  82|0x00000000c5200000, 0x00000000c5200000, 0x00000000c5300000|  0%| F|  |TAMS 0x00000000c5200000| PB 0x00000000c5200000| Untracked |  0
|  83|0x00000000c5300000, 0x00000000c5300000, 0x00000000c5400000|  0%| F|  |TAMS 0x00000000c5300000| PB 0x00000000c5300000| Untracked |  0
|  84|0x00000000c5400000, 0x00000000c5400000, 0x00000000c5500000|  0%| F|  |TAMS 0x00000000c5400000| PB 0x00000000c5400000| Untracked |  0
|  85|0x00000000c5500000, 0x00000000c5500000, 0x00000000c5600000|  0%| F|  |TAMS 0x00000000c5500000| PB 0x00000000c5500000| Untracked |  0
|  86|0x00000000c5600000, 0x00000000c5600000, 0x00000000c5700000|  0%| F|  |TAMS 0x00000000c5600000| PB 0x00000000c5600000| Untracked |  0
|  87|0x00000000c5700000, 0x00000000c5700000, 0x00000000c5800000|  0%| F|  |TAMS 0x00000000c5700000| PB 0x00000000c5700000| Untracked |  0
|  88|0x00000000c5800000, 0x00000000c5800000, 0x00000000c5900000|  0%| F|  |TAMS 0x00000000c5800000| PB 0x00000000c5800000| Untracked |  0
|  89|0x00000000c5900000, 0x00000000c5900000, 0x00000000c5a00000|  0%| F|  |TAMS 0x00000000c5900000| PB 0x00000000c5900000| Untracked |  0
|  90|0x00000000c5a00000, 0x00000000c5a00000, 0x00000000c5b00000|  0%| F|  |TAMS 0x00000000c5a00000| PB 0x00000000c5a00000| Untracked |  0
|  91|0x00000000c5b00000, 0x00000000c5b00000, 0x00000000c5c00000|  0%| F|  |TAMS 0x00000000c5b00000| PB 0x00000000c5b00000| Untracked |  0
|  92|0x00000000c5c00000, 0x00000000c5c00000, 0x00000000c5d00000|  0%| F|  |TAMS 0x00000000c5c00000| PB 0x00000000c5c00000| Untracked |  0
|  93|0x00000000c5d00000, 0x00000000c5d00000, 0x00000000c5e00000|  0%| F|  |TAMS 0x00000000c5d00000| PB 0x00000000c5d00000| Untracked |  0
|  94|0x00000000c5e00000, 0x00000000c5e00000, 0x00000000c5f00000|  0%| F|  |TAMS 0x00000000c5e00000| PB 0x00000000c5e00000| Untracked |  0
|  95|0x00000000c5f00000, 0x00000000c5f00000, 0x00000000c6000000|  0%| F|  |TAMS 0x00000000c5f00000| PB 0x00000000c5f00000| Untracked |  0
|  96|0x00000000c6000000, 0x00000000c60bb440, 0x00000000c6100000| 73%| E|  |TAMS 0x00000000c6000000| PB 0x00000000c6000000| Complete |  0
|  97|0x00000000c6100000, 0x00000000c6200000, 0x00000000c6200000|100%| E|CS|TAMS 0x00000000c6100000| PB 0x00000000c6100000| Complete |  0
|  98|0x00000000c6200000, 0x00000000c6300000, 0x00000000c6300000|100%| E|CS|TAMS 0x00000000c6200000| PB 0x00000000c6200000| Complete |  0
|  99|0x00000000c6300000, 0x00000000c6400000, 0x00000000c6400000|100%| E|CS|TAMS 0x00000000c6300000| PB 0x00000000c6300000| Complete |  0
| 100|0x00000000c6400000, 0x00000000c6500000, 0x00000000c6500000|100%| E|CS|TAMS 0x00000000c6400000| PB 0x00000000c6400000| Complete |  0
| 101|0x00000000c6500000, 0x00000000c6600000, 0x00000000c6600000|100%| E|CS|TAMS 0x00000000c6500000| PB 0x00000000c6500000| Complete |  0
| 102|0x00000000c6600000, 0x00000000c6700000, 0x00000000c6700000|100%| E|CS|TAMS 0x00000000c6600000| PB 0x00000000c6600000| Complete |  0
| 103|0x00000000c6700000, 0x00000000c6800000, 0x00000000c6800000|100%| E|CS|TAMS 0x00000000c6700000| PB 0x00000000c6700000| Complete |  0
| 104|0x00000000c6800000, 0x00000000c6900000, 0x00000000c6900000|100%| E|CS|TAMS 0x00000000c6800000| PB 0x00000000c6800000| Complete |  0
| 105|0x00000000c6900000, 0x00000000c6a00000, 0x00000000c6a00000|100%| E|CS|TAMS 0x00000000c6900000| PB 0x00000000c6900000| Complete |  0
| 106|0x00000000c6a00000, 0x00000000c6b00000, 0x00000000c6b00000|100%| E|CS|TAMS 0x00000000c6a00000| PB 0x00000000c6a00000| Complete |  0
| 107|0x00000000c6b00000, 0x00000000c6c00000, 0x00000000c6c00000|100%| E|CS|TAMS 0x00000000c6b00000| PB 0x00000000c6b00000| Complete |  0
| 108|0x00000000c6c00000, 0x00000000c6d00000, 0x00000000c6d00000|100%| E|CS|TAMS 0x00000000c6c00000| PB 0x00000000c6c00000| Complete |  0
| 109|0x00000000c6d00000, 0x00000000c6e00000, 0x00000000c6e00000|100%| E|CS|TAMS 0x00000000c6d00000| PB 0x00000000c6d00000| Complete |  0
| 110|0x00000000c6e00000, 0x00000000c6f00000, 0x00000000c6f00000|100%| E|CS|TAMS 0x00000000c6e00000| PB 0x00000000c6e00000| Complete |  0
| 111|0x00000000c6f00000, 0x00000000c7000000, 0x00000000c7000000|100%| E|CS|TAMS 0x00000000c6f00000| PB 0x00000000c6f00000| Complete |  0
| 112|0x00000000c7000000, 0x00000000c7100000, 0x00000000c7100000|100%| E|CS|TAMS 0x00000000c7000000| PB 0x00000000c7000000| Complete |  0
| 113|0x00000000c7100000, 0x00000000c7200000, 0x00000000c7200000|100%| E|CS|TAMS 0x00000000c7100000| PB 0x00000000c7100000| Complete |  0
| 114|0x00000000c7200000, 0x00000000c7300000, 0x00000000c7300000|100%| E|CS|TAMS 0x00000000c7200000| PB 0x00000000c7200000| Complete |  0
| 115|0x00000000c7300000, 0x00000000c7400000, 0x00000000c7400000|100%| E|CS|TAMS 0x00000000c7300000| PB 0x00000000c7300000| Complete |  0
| 116|0x00000000c7400000, 0x00000000c7500000, 0x00000000c7500000|100%| E|CS|TAMS 0x00000000c7400000| PB 0x00000000c7400000| Complete |  0
| 117|0x00000000c7500000, 0x00000000c7600000, 0x00000000c7600000|100%| E|CS|TAMS 0x00000000c7500000| PB 0x00000000c7500000| Complete |  0
| 118|0x00000000c7600000, 0x00000000c7700000, 0x00000000c7700000|100%| E|CS|TAMS 0x00000000c7600000| PB 0x00000000c7600000| Complete |  0
| 119|0x00000000c7700000, 0x00000000c7800000, 0x00000000c7800000|100%| E|CS|TAMS 0x00000000c7700000| PB 0x00000000c7700000| Complete |  0
| 120|0x00000000c7800000, 0x00000000c7900000, 0x00000000c7900000|100%| E|CS|TAMS 0x00000000c7800000| PB 0x00000000c7800000| Complete |  0
| 121|0x00000000c7900000, 0x00000000c7940bd0, 0x00000000c7a00000| 25%| S|CS|TAMS 0x00000000c7900000| PB 0x00000000c7900000| Complete |  0
| 122|0x00000000c7a00000, 0x00000000c7b00000, 0x00000000c7b00000|100%| S|CS|TAMS 0x00000000c7a00000| PB 0x00000000c7a00000| Complete |  0
|1023|0x00000000fff00000, 0x0000000100000000, 0x0000000100000000|100%| E|CS|TAMS 0x00000000fff00000| PB 0x00000000fff00000| Complete |  0

Card table byte_map: [0x00007fa20ce00000,0x00007fa20d000000] _byte_map_base: 0x00007fa20c800000

Marking Bits: (CMBitMap*) 0x00007fa208071c90
 Bits: [0x00007fa1f3c00000, 0x00007fa1f4c00000)

Polling page: 0x00007fa20fb8a000

Metaspace:
Metaspace        used 54518K, committed 55872K, reserved 1114112K
 class space     used 6408K, committed 6976K, reserved 1048576K

Usage:
  Non-class:     46.98 MB used.
      Class:      6.26 MB used.
       Both:     53.24 MB used.

Virtual space:
  Non-class space:       64.00 MB reserved,      47.75 MB ( 75%) committed,  1 nodes.
      Class space:        1.00 GB reserved,       6.81 MB ( <1%) committed,  1 nodes.
             Both:        1.06 GB reserved,      54.56 MB (  5%) committed. 

Chunk freelists:
   Non-Class:  15.39 MB
       Class:  9.16 MB
        Both:  24.55 MB

MaxMetaspaceSize: unlimited
CompressedClassSpaceSize: 1.00 GB
Initial GC threshold: 21.00 MB
Current GC threshold: 81.25 MB
CDS: off
 - commit_granule_bytes: 65536.
 - commit_granule_words: 8192.
 - virtual_space_node_default_size: 8388608.
 - enlarge_chunks_in_place: 1.
UseCompressedClassPointers 1, UseCompactObjectHeaders 0
Narrow klass pointer bits 32, Max shift 3
Narrow klass base: 0x0000000000000000, Narrow klass shift: 0
Encoding Range: [0x0000000000000000 - 0x0000000100000000), (4294967296 bytes)
Klass Range:    [0x0000000010000000 - 0x0000000050000000), (1073741824 bytes)
Klass ID Range:  [268435456 - 1342177273) (1073741817)
No protection zone.


Internal statistics:

num_allocs_failed_limit: 6.
num_arena_births: 638.
num_arena_deaths: 0.
num_vsnodes_births: 2.
num_vsnodes_deaths: 0.
num_space_committed: 873.
num_space_uncommitted: 0.
num_chunks_returned_to_freelist: 6.
num_chunks_taken_from_freelist: 2668.
num_chunk_merges: 3.
num_chunk_splits: 1677.
num_chunks_enlarged: 1022.
num_inconsistent_stats: 0.

CodeHeap 'non-profiled nmethods': size=120032Kb used=2829Kb max_used=2829Kb free=117202Kb
 bounds [0x00007fa1fc8c8000, 0x00007fa1fcb98000, 0x00007fa203e00000]
CodeHeap 'profiled nmethods': size=120032Kb used=9254Kb max_used=9288Kb free=110778Kb
 bounds [0x00007fa1f4dfe000, 0x00007fa1f572e000, 0x00007fa1fc336000]
CodeHeap 'non-nmethods': size=5704Kb used=1886Kb max_used=2023Kb free=3818Kb
 bounds [0x00007fa1fc336000, 0x00007fa1fc5a6000, 0x00007fa1fc8c8000]
CodeCache: size=245768Kb, used=13969Kb, max_used=14140Kb, free=231798Kb
 total_blobs=7119, nmethods=6221, adapters=799, full_count=0
Compilation: enabled, stopped_count=0, restarted_count=0

Compilation events (20 events):
Event: 3.303 Thread 0x00007fa2081520f0 7033       3       org.eclipse.e4.core.internal.di.Requestor::hashCode (80 bytes)
Event: 3.303 Thread 0x00007fa2081520f0 nmethod 7033 0x00007fa1f538dd88 code [0x00007fa1f538de80, 0x00007fa1f538e538]
Event: 3.304 Thread 0x00007fa2081520f0 7034       3       org.eclipse.e4.core.internal.di.InjectorImpl::unresolved (27 bytes)
Event: 3.304 Thread 0x00007fa2081520f0 nmethod 7034 0x00007fa1f507be88 code [0x00007fa1f507bf80, 0x00007fa1f507c1a8]
Event: 3.304 Thread 0x00007fa2081520f0 7035       3       org.eclipse.jface.bindings.BindingManager::platformMatches (62 bytes)
Event: 3.304 Thread 0x00007fa2081520f0 nmethod 7035 0x00007fa1f507b908 code [0x00007fa1f507ba00, 0x00007fa1f507be70]
Event: 3.305 Thread 0x00007fa2081507d0 7036       4       java.lang.invoke.MethodHandle::asTypeCached (52 bytes)
Event: 3.306 Thread 0x00007fa2081520f0 7037   !   3       sun.reflect.annotation.AnnotationParser::parseAnnotation2 (275 bytes)
Event: 3.306 Thread 0x00007fa2081507d0 nmethod 7036 0x00007fa1fcb83608 code [0x00007fa1fcb83700, 0x00007fa1fcb837c0]
Event: 3.306 Thread 0x00007fa2081520f0 nmethod 7037 0x00007fa1f51f6808 code [0x00007fa1f51f6900, 0x00007fa1f51f7e60]
Event: 3.307 Thread 0x00007fa2081520f0 7038       3       java.lang.invoke.MethodType::methodType (100 bytes)
Event: 3.307 Thread 0x00007fa2081520f0 nmethod 7038 0x00007fa1f507b088 code [0x00007fa1f507b180, 0x00007fa1f507b8c0]
Event: 3.307 Thread 0x00007fa2081520f0 7039       3       java.lang.invoke.BoundMethodHandle$Species_LLL::make (14 bytes)
Event: 3.307 Thread 0x00007fa2081520f0 nmethod 7039 0x00007fa1f507ac08 code [0x00007fa1f507ad00, 0x00007fa1f507b028]
Event: 3.307 Thread 0x00007fa2081520f0 7040       3       java.lang.invoke.BoundMethodHandle$Species_LLL::<init> (24 bytes)
Event: 3.307 Thread 0x00007fa2081520f0 nmethod 7040 0x00007fa1f507a808 code [0x00007fa1f507a900, 0x00007fa1f507abe8]
Event: 3.312 Thread 0x00007fa2081520f0 7041       3       org.eclipse.e4.ui.model.application.impl.ApplicationElementImpl::eIsSet (191 bytes)
Event: 3.313 Thread 0x00007fa2081520f0 nmethod 7041 0x00007fa1f51f5f88 code [0x00007fa1f51f6080, 0x00007fa1f51f67c8]
Event: 3.313 Thread 0x00007fa2081520f0 7042       3       org.eclipse.swt.widgets.EventTable::hooks (47 bytes)
Event: 3.313 Thread 0x00007fa2081520f0 nmethod 7042 0x00007fa1f51f5b88 code [0x00007fa1f51f5c80, 0x00007fa1f51f5f00]

GC Heap Usage History (20 events):
Event: 0.903 {heap Before GC invocations=4 (full 0):
 garbage-first heap   total reserved 1048576K, committed 65536K, used 44699K [0x00000000c0000000, 0x0000000100000000)
  region size 1024K, 25 young (25600K), 5 survivors (5120K)
}
Event: 0.912 {heap After GC invocations=5 (full 0):
 garbage-first heap   total reserved 1048576K, committed 66560K, used 40448K [0x00000000c0000000, 0x0000000100000000)
  region size 1024K, 4 young (4096K), 4 survivors (4096K)
}
Event: 0.926 {heap Before GC invocations=5 (full 0):
 garbage-first heap   total reserved 1048576K, committed 66560K, used 50688K [0x00000000c0000000, 0x0000000100000000)
  region size 1024K, 14 young (14336K), 4 survivors (4096K)
}
Event: 0.930 {heap After GC invocations=6 (full 0):
 garbage-first heap   total reserved 1048576K, committed 138240K, used 47616K [0x00000000c0000000, 0x0000000100000000)
  region size 1024K, 2 young (2048K), 2 survivors (2048K)
}
Event: 0.977 {heap Before GC invocations=7 (full 0):
 garbage-first heap   total reserved 1048576K, committed 138240K, used 83456K [0x00000000c0000000, 0x0000000100000000)
  region size 1024K, 38 young (38912K), 2 survivors (2048K)
}
Event: 0.982 {heap After GC invocations=8 (full 0):
 garbage-first heap   total reserved 1048576K, committed 138240K, used 56320K [0x00000000c0000000, 0x0000000100000000)
  region size 1024K, 5 young (5120K), 5 survivors (5120K)
}
Event: 1.238 {heap Before GC invocations=8 (full 0):
 garbage-first heap   total reserved 1048576K, committed 138240K, used 92160K [0x00000000c0000000, 0x0000000100000000)
  region size 1024K, 40 young (40960K), 5 survivors (5120K)
}
Event: 1.244 {heap After GC invocations=9 (full 0):
 garbage-first heap   total reserved 1048576K, committed 138240K, used 62304K [0x00000000c0000000, 0x0000000100000000)
  region size 1024K, 5 young (5120K), 5 survivors (5120K)
}
Event: 1.569 {heap Before GC invocations=9 (full 0):
 garbage-first heap   total reserved 1048576K, committed 138240K, used 98144K [0x00000000c0000000, 0x0000000100000000)
  region size 1024K, 40 young (40960K), 5 survivors (5120K)
}
Event: 1.575 {heap After GC invocations=10 (full 0):
 garbage-first heap   total reserved 1048576K, committed 138240K, used 67584K [0x00000000c0000000, 0x0000000100000000)
  region size 1024K, 5 young (5120K), 5 survivors (5120K)
}
Event: 1.778 {heap Before GC invocations=10 (full 0):
 garbage-first heap   total reserved 1048576K, committed 138240K, used 83968K [0x00000000c0000000, 0x0000000100000000)
  region size 1024K, 22 young (22528K), 5 survivors (5120K)
}
Event: 1.781 {heap After GC invocations=11 (full 0):
 garbage-first heap   total reserved 1048576K, committed 138240K, used 70957K [0x00000000c0000000, 0x0000000100000000)
  region size 1024K, 4 young (4096K), 4 survivors (4096K)
}
Event: 2.006 {heap Before GC invocations=12 (full 0):
 garbage-first heap   total reserved 1048576K, committed 126976K, used 74029K [0x00000000c0000000, 0x0000000100000000)
  region size 1024K, 39 young (39936K), 4 survivors (4096K)
}
Event: 2.009 {heap After GC invocations=13 (full 0):
 garbage-first heap   total reserved 1048576K, committed 126976K, used 40531K [0x00000000c0000000, 0x0000000100000000)
  region size 1024K, 3 young (3072K), 3 survivors (3072K)
}
Event: 2.041 {heap Before GC invocations=13 (full 0):
 garbage-first heap   total reserved 1048576K, committed 126976K, used 87635K [0x00000000c0000000, 0x0000000100000000)
  region size 1024K, 49 young (50176K), 3 survivors (3072K)
}
Event: 2.043 {heap After GC invocations=14 (full 0):
 garbage-first heap   total reserved 1048576K, committed 126976K, used 31566K [0x00000000c0000000, 0x0000000100000000)
  region size 1024K, 3 young (3072K), 3 survivors (3072K)
}
Event: 2.858 {heap Before GC invocations=14 (full 0):
 garbage-first heap   total reserved 1048576K, committed 126976K, used 103246K [0x00000000c0000000, 0x0000000100000000)
  region size 1024K, 68 young (69632K), 3 survivors (3072K)
}
Event: 2.861 {heap After GC invocations=15 (full 0):
 garbage-first heap   total reserved 1048576K, committed 126976K, used 39900K [0x00000000c0000000, 0x0000000100000000)
  region size 1024K, 9 young (9216K), 9 survivors (9216K)
}
Event: 2.867 {heap Before GC invocations=15 (full 0):
 garbage-first heap   total reserved 1048576K, committed 126976K, used 39900K [0x00000000c0000000, 0x0000000100000000)
  region size 1024K, 10 young (10240K), 9 survivors (9216K)
}
Event: 2.871 {heap After GC invocations=16 (full 0):
 garbage-first heap   total reserved 1048576K, committed 126976K, used 41040K [0x00000000c0000000, 0x0000000100000000)
  region size 1024K, 2 young (2048K), 2 survivors (2048K)
}

Metaspace Usage History (20 events):
Event: 0.903 {metaspace Before GC invocations=4 (full 0):
 Metaspace       used 17568K, committed 17792K, reserved 1114112K
  class space    used 1735K, committed 1856K, reserved 1048576K
}
Event: 0.912 {metaspace After GC invocations=5 (full 0):
 Metaspace       used 17568K, committed 17792K, reserved 1114112K
  class space    used 1735K, committed 1856K, reserved 1048576K
}
Event: 0.926 {metaspace Before GC invocations=5 (full 0):
 Metaspace       used 17591K, committed 17792K, reserved 1114112K
  class space    used 1735K, committed 1856K, reserved 1048576K
}
Event: 0.930 {metaspace After GC invocations=6 (full 0):
 Metaspace       used 17591K, committed 17792K, reserved 1114112K
  class space    used 1735K, committed 1856K, reserved 1048576K
}
Event: 0.977 {metaspace Before GC invocations=7 (full 0):
 Metaspace       used 17594K, committed 17792K, reserved 1114112K
  class space    used 1735K, committed 1856K, reserved 1048576K
}
Event: 0.982 {metaspace After GC invocations=8 (full 0):
 Metaspace       used 17594K, committed 17792K, reserved 1114112K
  class space    used 1735K, committed 1856K, reserved 1048576K
}
Event: 1.238 {metaspace Before GC invocations=8 (full 0):
 Metaspace       used 20618K, committed 20864K, reserved 1114112K
  class space    used 2066K, committed 2176K, reserved 1048576K
}
Event: 1.244 {metaspace After GC invocations=9 (full 0):
 Metaspace       used 20618K, committed 20864K, reserved 1114112K
  class space    used 2066K, committed 2176K, reserved 1048576K
}
Event: 1.569 {metaspace Before GC invocations=9 (full 0):
 Metaspace       used 23203K, committed 23616K, reserved 1114112K
  class space    used 2381K, committed 2560K, reserved 1048576K
}
Event: 1.575 {metaspace After GC invocations=10 (full 0):
 Metaspace       used 23203K, committed 23616K, reserved 1114112K
  class space    used 2381K, committed 2560K, reserved 1048576K
}
Event: 1.778 {metaspace Before GC invocations=10 (full 0):
 Metaspace       used 28996K, committed 29696K, reserved 1114112K
  class space    used 3004K, committed 3328K, reserved 1048576K
}
Event: 1.781 {metaspace After GC invocations=11 (full 0):
 Metaspace       used 28996K, committed 29696K, reserved 1114112K
  class space    used 3004K, committed 3328K, reserved 1048576K
}
Event: 2.006 {metaspace Before GC invocations=12 (full 0):
 Metaspace       used 33349K, committed 34048K, reserved 1114112K
  class space    used 3585K, committed 3840K, reserved 1048576K
}
Event: 2.009 {metaspace After GC invocations=13 (full 0):
 Metaspace       used 33349K, committed 34048K, reserved 1114112K
  class space    used 3585K, committed 3840K, reserved 1048576K
}
Event: 2.041 {metaspace Before GC invocations=13 (full 0):
 Metaspace       used 33401K, committed 34048K, reserved 1114112K
  class space    used 3589K, committed 3840K, reserved 1048576K
}
Event: 2.043 {metaspace After GC invocations=14 (full 0):
 Metaspace       used 33401K, committed 34048K, reserved 1114112K
  class space    used 3589K, committed 3840K, reserved 1048576K
}
Event: 2.858 {metaspace Before GC invocations=14 (full 0):
 Metaspace       used 48471K, committed 49664K, reserved 1114112K
  class space    used 5627K, committed 6144K, reserved 1048576K
}
Event: 2.861 {metaspace After GC invocations=15 (full 0):
 Metaspace       used 48471K, committed 49664K, reserved 1114112K
  class space    used 5627K, committed 6144K, reserved 1048576K
}
Event: 2.867 {metaspace Before GC invocations=15 (full 0):
 Metaspace       used 48544K, committed 49728K, reserved 1114112K
  class space    used 5633K, committed 6144K, reserved 1048576K
}
Event: 2.871 {metaspace After GC invocations=16 (full 0):
 Metaspace       used 48544K, committed 49728K, reserved 1114112K
  class space    used 5633K, committed 6144K, reserved 1048576K
}

Dll operation events (18 events):
Event: 0.002 Loaded shared library /usr/share/dbeaver-ce/jre/lib/libjava.so
Event: 0.026 Loaded shared library /usr/share/dbeaver-ce/jre/lib/libsimdsort.so
Event: 0.078 Loaded shared library /usr/share/dbeaver-ce/jre/lib/libnio.so
Event: 0.083 Loaded shared library /usr/share/dbeaver-ce/jre/lib/libzip.so
Event: 0.102 Loaded shared library /usr/share/dbeaver-ce/jre/lib/libnet.so
Event: 0.123 Loaded shared library /usr/share/dbeaver-ce/jre/lib/libjimage.so
Event: 0.177 Loaded shared library /usr/share/dbeaver-ce/plugins/org.eclipse.equinox.launcher.gtk.linux.x86_64_1.2.1500.v20250801-0854/eclipse_11916.so
Event: 1.669 Loaded shared library /usr/share/dbeaver-ce/jre/lib/libverify.so
Event: 1.686 Loaded shared library /home/artemis/.local/share/DBeaverData/install-data/org.jkiss.dbeaver.product/26.2.0-202608301738/org.eclipse.osgi/152/0/.cp/libswt-gtk-4973r12.so
Event: 1.687 Loaded shared library /home/artemis/.local/share/DBeaverData/install-data/org.jkiss.dbeaver.product/26.2.0-202608301738/org.eclipse.osgi/152/0/.cp/libswt-pi3-gtk-4973r12.so
Event: 1.743 Loaded shared library /usr/share/dbeaver-ce/jre/lib/libawt.so
Event: 1.743 Loaded shared library /usr/share/dbeaver-ce/jre/lib/libawt_xawt.so
Event: 1.757 Loaded shared library /usr/share/dbeaver-ce/jre/lib/libfontmanager.so
Event: 2.209 Loaded shared library /usr/share/dbeaver-ce/jre/lib/libjaas.so
Event: 2.222 Loaded shared library /home/artemis/.local/share/DBeaverData/install-data/org.jkiss.dbeaver.product/26.2.0-202608301738/org.eclipse.osgi/49/0/.cp/os/linux/x86_64/libunixfile_1_0_0.so
Event: 2.294 Loaded shared library /home/artemis/.local/share/DBeaverData/install-data/org.jkiss.dbeaver.product/26.2.0-202608301738/org.eclipse.osgi/152/0/.cp/libswt-cairo-gtk-4973r12.so
Event: 2.364 Loaded shared library /usr/share/dbeaver-ce/jre/lib/libextnet.so
Event: 2.769 Loaded shared library /home/artemis/.local/share/DBeaverData/install-data/org.jkiss.dbeaver.product/26.2.0-202608301738/org.eclipse.osgi/152/0/.cp/libswt-atk-gtk-4973r12.so

Deoptimization events (20 events):
Event: 3.227 Thread 0x00007fa20802e010 Uncommon trap: trap_request=0xffffff45 fr.pc=0x00007fa1fcb33774 relative=0x0000000000000374
Event: 3.227 Thread 0x00007fa20802e010 Uncommon trap: reason=unstable_if action=reinterpret pc=0x00007fa1fcb33774 method=java.lang.invoke.MethodType.methodType(Ljava/lang/Class;[Ljava/lang/Class;Z)Ljava/lang/invoke/MethodType; @ 53 c2
Event: 3.227 Thread 0x00007fa20802e010 DEOPT PACKING pc=0x00007fa1fcb33774 sp=0x00007fa20dff9c40
Event: 3.227 Thread 0x00007fa20802e010 DEOPT UNPACKING pc=0x00007fa1fc455379 sp=0x00007fa20dff9be0 mode 2
Event: 3.237 Thread 0x00007fa20802e010 Uncommon trap: trap_request=0xffffffde fr.pc=0x00007fa1fcb21684 relative=0x0000000000000084
Event: 3.237 Thread 0x00007fa20802e010 Uncommon trap: reason=class_check action=maybe_recompile pc=0x00007fa1fcb21684 method=org.eclipse.emf.common.notify.impl.BasicNotifierImpl.eNotificationRequired()Z @ 8 c2
Event: 3.237 Thread 0x00007fa20802e010 DEOPT PACKING pc=0x00007fa1fcb21684 sp=0x00007fa20dffd7d0
Event: 3.237 Thread 0x00007fa20802e010 DEOPT UNPACKING pc=0x00007fa1fc455379 sp=0x00007fa20dffd780 mode 2
Event: 3.248 Thread 0x00007fa20802e010 Uncommon trap: trap_request=0xffffffde fr.pc=0x00007fa1fcb21684 relative=0x0000000000000084
Event: 3.248 Thread 0x00007fa20802e010 Uncommon trap: reason=class_check action=maybe_recompile pc=0x00007fa1fcb21684 method=org.eclipse.emf.common.notify.impl.BasicNotifierImpl.eNotificationRequired()Z @ 8 c2
Event: 3.248 Thread 0x00007fa20802e010 DEOPT PACKING pc=0x00007fa1fcb21684 sp=0x00007fa20dffd660
Event: 3.248 Thread 0x00007fa20802e010 DEOPT UNPACKING pc=0x00007fa1fc455379 sp=0x00007fa20dffd610 mode 2
Event: 3.254 Thread 0x00007fa20802e010 Uncommon trap: trap_request=0xffffff45 fr.pc=0x00007fa1fcb76850 relative=0x0000000000000d30
Event: 3.254 Thread 0x00007fa20802e010 Uncommon trap: reason=unstable_if action=reinterpret pc=0x00007fa1fcb76850 method=org.eclipse.swt.graphics.Image.getImageDataAtCurrentZoom()Lorg/eclipse/swt/graphics/ImageData; @ 263 c2
Event: 3.254 Thread 0x00007fa20802e010 DEOPT PACKING pc=0x00007fa1fcb76850 sp=0x00007fa20dffd440
Event: 3.254 Thread 0x00007fa20802e010 DEOPT UNPACKING pc=0x00007fa1fc455379 sp=0x00007fa20dffd388 mode 2
Event: 3.279 Thread 0x00007fa20802e010 Uncommon trap: trap_request=0xffffffd6 fr.pc=0x00007fa1fca64bc8 relative=0x0000000000000448
Event: 3.279 Thread 0x00007fa20802e010 Uncommon trap: reason=array_check action=maybe_recompile pc=0x00007fa1fca64bc8 method=java.util.TimSort.binarySort([Ljava/lang/Object;IIILjava/util/Comparator;)V @ 215 c2
Event: 3.279 Thread 0x00007fa20802e010 DEOPT PACKING pc=0x00007fa1fca64bc8 sp=0x00007fa20dffd560
Event: 3.279 Thread 0x00007fa20802e010 DEOPT UNPACKING pc=0x00007fa1fc455379 sp=0x00007fa20dffd4f8 mode 2

Classes loaded (20 events):
Event: 3.266 Loading class java/util/concurrent/CompletableFuture$AsyncSupply
Event: 3.266 Loading class java/util/concurrent/CompletableFuture$AsyncSupply done
Event: 3.266 Loading class java/util/concurrent/ForkJoinTask$Aux
Event: 3.266 Loading class java/util/concurrent/ForkJoinTask$Aux done
Event: 3.266 Loading class java/util/concurrent/CompletableFuture$UniAccept
Event: 3.266 Loading class java/util/concurrent/CompletableFuture$UniCompletion
Event: 3.266 Loading class java/util/concurrent/CompletableFuture$UniCompletion done
Event: 3.266 Loading class java/util/concurrent/CompletableFuture$UniAccept done
Event: 3.278 Loading class java/text/CollationElementIterator
Event: 3.278 Loading class java/text/CollationElementIterator done
Event: 3.278 Loading class sun/text/CollatorUtilities
Event: 3.278 Loading class sun/text/CollatorUtilities done
Event: 3.278 Loading class jdk/internal/icu/text/UCharacterIterator
Event: 3.278 Loading class jdk/internal/icu/text/UCharacterIterator done
Event: 3.278 Loading class jdk/internal/icu/impl/ReplaceableUCharacterIterator
Event: 3.279 Loading class jdk/internal/icu/impl/ReplaceableUCharacterIterator done
Event: 3.279 Loading class jdk/internal/icu/text/ReplaceableString
Event: 3.279 Loading class jdk/internal/icu/text/Replaceable
Event: 3.279 Loading class jdk/internal/icu/text/Replaceable done
Event: 3.279 Loading class jdk/internal/icu/text/ReplaceableString done

Classes unloaded (0 events):
No events

Classes redefined (0 events):
No events

Internal exceptions (20 events):
Event: 3.114 Thread 0x00007fa20802e010 Exception <a 'java/io/FileNotFoundException'{0x00000000c6948dd0}> (0x00000000c6948dd0) 
thrown [src/hotspot/share/prims/jni.cpp, line 516]
Event: 3.184 Thread 0x00007fa20802e010 Exception <a 'java/lang/NoSuchMethodError'{0x00000000c68522c8}: 'void java.lang.invoke.DirectMethodHandle$Holder.invokeStatic(java.lang.Object, int)'> (0x00000000c68522c8) 
thrown [src/hotspot/share/interpreter/linkResolver.cpp, line 803]
Event: 3.205 Thread 0x00007fa20802e010 Exception <a 'java/io/FileNotFoundException'{0x00000000c6766760}> (0x00000000c6766760) 
thrown [src/hotspot/share/prims/jni.cpp, line 516]
Event: 3.205 Thread 0x00007fa20802e010 Exception <a 'java/io/FileNotFoundException'{0x00000000c67678e0}> (0x00000000c67678e0) 
thrown [src/hotspot/share/prims/jni.cpp, line 516]
Event: 3.205 Thread 0x00007fa20802e010 Exception <a 'java/io/FileNotFoundException'{0x00000000c67689f0}> (0x00000000c67689f0) 
thrown [src/hotspot/share/prims/jni.cpp, line 516]
Event: 3.205 Thread 0x00007fa20802e010 Exception <a 'java/io/FileNotFoundException'{0x00000000c6769b80}> (0x00000000c6769b80) 
thrown [src/hotspot/share/prims/jni.cpp, line 516]
Event: 3.205 Thread 0x00007fa20802e010 Exception <a 'java/io/FileNotFoundException'{0x00000000c676ad40}> (0x00000000c676ad40) 
thrown [src/hotspot/share/prims/jni.cpp, line 516]
Event: 3.205 Thread 0x00007fa20802e010 Exception <a 'java/io/FileNotFoundException'{0x00000000c676bf10}> (0x00000000c676bf10) 
thrown [src/hotspot/share/prims/jni.cpp, line 516]
Event: 3.205 Thread 0x00007fa20802e010 Exception <a 'java/io/FileNotFoundException'{0x00000000c676d058}> (0x00000000c676d058) 
thrown [src/hotspot/share/prims/jni.cpp, line 516]
Event: 3.205 Thread 0x00007fa20802e010 Exception <a 'java/io/FileNotFoundException'{0x00000000c676e1d0}> (0x00000000c676e1d0) 
thrown [src/hotspot/share/prims/jni.cpp, line 516]
Event: 3.205 Thread 0x00007fa20802e010 Exception <a 'java/io/FileNotFoundException'{0x00000000c676f308}> (0x00000000c676f308) 
thrown [src/hotspot/share/prims/jni.cpp, line 516]
Event: 3.205 Thread 0x00007fa20802e010 Exception <a 'java/io/FileNotFoundException'{0x00000000c6770420}> (0x00000000c6770420) 
thrown [src/hotspot/share/prims/jni.cpp, line 516]
Event: 3.205 Thread 0x00007fa20802e010 Exception <a 'java/io/FileNotFoundException'{0x00000000c6771668}> (0x00000000c6771668) 
thrown [src/hotspot/share/prims/jni.cpp, line 516]
Event: 3.205 Thread 0x00007fa20802e010 Exception <a 'java/io/FileNotFoundException'{0x00000000c6772b10}> (0x00000000c6772b10) 
thrown [src/hotspot/share/prims/jni.cpp, line 516]
Event: 3.205 Thread 0x00007fa20802e010 Exception <a 'java/io/FileNotFoundException'{0x00000000c6773cd8}> (0x00000000c6773cd8) 
thrown [src/hotspot/share/prims/jni.cpp, line 516]
Event: 3.211 Thread 0x00007fa20802e010 Exception <a 'java/lang/NoSuchMethodError'{0x00000000c679ee00}: 'void java.lang.invoke.DirectMethodHandle$Holder.invokeVirtual(java.lang.Object, java.lang.Object, java.lang.Object, int)'> (0x00000000c679ee00) 
thrown [src/hotspot/share/interpreter/linkResolver.cpp, line 803]
Event: 3.212 Thread 0x00007fa20802e010 Exception <a 'java/lang/NoSuchMethodError'{0x00000000c67af538}: 'java.lang.Object java.lang.invoke.DirectMethodHandle$Holder.invokeVirtual(java.lang.Object, java.lang.Object, java.lang.Object)'> (0x00000000c67af538) 
thrown [src/hotspot/share/interpreter/linkResolver.cpp, line 803]
Event: 3.214 Thread 0x00007fa20802e010 Exception <a 'java/lang/NoSuchMethodError'{0x00000000c67c7fd8}: 'java.lang.Object java.lang.invoke.DirectMethodHandle$Holder.newInvokeSpecial(java.lang.Object, java.lang.Object, int)'> (0x00000000c67c7fd8) 
thrown [src/hotspot/share/interpreter/linkResolver.cpp, line 803]
Event: 3.214 Thread 0x00007fa20802e010 Exception <a 'java/lang/NoSuchMethodError'{0x00000000c67d09e0}: 'java.lang.Object java.lang.invoke.Invokers$Holder.invoke_MT(java.lang.Object, java.lang.Object, java.lang.Object, java.lang.Object, java.lang.Object)'> (0x00000000c67d09e0) 
thrown [src/hotspot/share/interpreter/linkResolver.cpp, line 803]
Event: 3.263 Thread 0x00007fa20802e010 Exception <a 'java/io/FileNotFoundException'{0x00000000c6499d50}> (0x00000000c6499d50) 
thrown [src/hotspot/share/prims/jni.cpp, line 516]

VM Operations (20 events):
Event: 2.824 Executing non-safepoint VM operation: HandshakeAllThreads (Deoptimize)
Event: 2.824 Executing non-safepoint VM operation: HandshakeAllThreads (Deoptimize) done
Event: 2.858 Executing safepoint VM operation: G1CollectForAllocation (G1 Evacuation Pause)
Event: 2.861 Executing safepoint VM operation: G1CollectForAllocation (G1 Evacuation Pause) done
Event: 2.867 Executing safepoint VM operation: CollectForMetadataAllocation (Metadata GC Threshold)
Event: 2.871 Executing safepoint VM operation: CollectForMetadataAllocation (Metadata GC Threshold) done
Event: 2.881 Executing safepoint VM operation: G1PauseRemark
Event: 2.884 Executing safepoint VM operation: G1PauseRemark done
Event: 2.888 Executing safepoint VM operation: G1PauseCleanup
Event: 2.888 Executing safepoint VM operation: G1PauseCleanup done
Event: 2.915 Executing non-safepoint VM operation: HandshakeAllThreads (Deoptimize)
Event: 2.915 Executing non-safepoint VM operation: HandshakeAllThreads (Deoptimize) done
Event: 2.932 Executing non-safepoint VM operation: HandshakeAllThreads (Deoptimize)
Event: 2.932 Executing non-safepoint VM operation: HandshakeAllThreads (Deoptimize) done
Event: 3.210 Executing non-safepoint VM operation: HandshakeAllThreads (Deoptimize)
Event: 3.210 Executing non-safepoint VM operation: HandshakeAllThreads (Deoptimize) done
Event: 3.213 Executing non-safepoint VM operation: HandshakeAllThreads (Deoptimize)
Event: 3.213 Executing non-safepoint VM operation: HandshakeAllThreads (Deoptimize) done
Event: 3.230 Executing non-safepoint VM operation: HandshakeAllThreads (Deoptimize)
Event: 3.230 Executing non-safepoint VM operation: HandshakeAllThreads (Deoptimize) done

Memory protections (20 events):
Event: 1.056 Protecting memory [0x00007fa14e746000,0x00007fa14e74a000] with protection modes 0
Event: 1.513 Protecting memory [0x00007fa14e646000,0x00007fa14e64a000] with protection modes 0
Event: 1.619 Protecting memory [0x00007fa14e546000,0x00007fa14e54a000] with protection modes 0
Event: 1.625 Protecting memory [0x00007fa14e446000,0x00007fa14e44a000] with protection modes 0
Event: 1.626 Protecting memory [0x00007fa14e346000,0x00007fa14e34a000] with protection modes 0
Event: 1.652 Protecting memory [0x00007fa14e346000,0x00007fa14e34a000] with protection modes 0
Event: 1.693 Protecting memory [0x00007fa14e446000,0x00007fa14e44a000] with protection modes 0
Event: 1.774 Protecting memory [0x00007fa14dd57000,0x00007fa14dd5b000] with protection modes 0
Event: 1.776 Protecting memory [0x00007fa14dc57000,0x00007fa14dc5b000] with protection modes 0
Event: 2.189 Protecting memory [0x00007fa14db57000,0x00007fa14db5b000] with protection modes 0
Event: 2.277 Protecting memory [0x00007fa14da57000,0x00007fa14da5b000] with protection modes 0
Event: 2.367 Protecting memory [0x00007fa14d4ff000,0x00007fa14d503000] with protection modes 0
Event: 2.371 Protecting memory [0x00007fa14d3ff000,0x00007fa14d403000] with protection modes 0
Event: 2.377 Protecting memory [0x00007fa14d2ff000,0x00007fa14d303000] with protection modes 0
Event: 2.539 Protecting memory [0x00007fa14d1ff000,0x00007fa14d203000] with protection modes 0
Event: 2.718 Protecting memory [0x00007fa14d0ff000,0x00007fa14d103000] with protection modes 0
Event: 3.068 Protecting memory [0x00007fa0a3bfe000,0x00007fa0a3c02000] with protection modes 0
Event: 3.262 Protecting memory [0x00007fa0a3bfe000,0x00007fa0a3c02000] with protection modes 0
Event: 3.266 Protecting memory [0x00007fa14c475000,0x00007fa14c479000] with protection modes 0
Event: 3.267 Protecting memory [0x00007fa0a3069000,0x00007fa0a306d000] with protection modes 0

Nmethod flushes (20 events):
Event: 2.883 Thread 0x00007fa208112a30 flushing  nmethod 0x00007fa1f5112c08
Event: 2.883 Thread 0x00007fa208112a30 flushing  nmethod 0x00007fa1f51d4308
Event: 2.883 Thread 0x00007fa208112a30 flushing  nmethod 0x00007fa1f51d5f88
Event: 2.883 Thread 0x00007fa208112a30 flushing  nmethod 0x00007fa1f5258e88
Event: 2.883 Thread 0x00007fa208112a30 flushing osr nmethod 0x00007fa1f5290f08
Event: 2.883 Thread 0x00007fa208112a30 flushing  nmethod 0x00007fa1f5293d08
Event: 2.883 Thread 0x00007fa208112a30 flushing  nmethod 0x00007fa1f5296888
Event: 2.883 Thread 0x00007fa208112a30 flushing  nmethod 0x00007fa1f52c1e88
Event: 2.883 Thread 0x00007fa208112a30 flushing  nmethod 0x00007fa1f52c3208
Event: 2.883 Thread 0x00007fa208112a30 flushing  nmethod 0x00007fa1f52c6808
Event: 2.883 Thread 0x00007fa208112a30 flushing  nmethod 0x00007fa1f52c7008
Event: 2.883 Thread 0x00007fa208112a30 flushing  nmethod 0x00007fa1f52c7388
Event: 2.883 Thread 0x00007fa208112a30 flushing  nmethod 0x00007fa1f52c7b08
Event: 2.883 Thread 0x00007fa208112a30 flushing  nmethod 0x00007fa1f52c7f08
Event: 2.883 Thread 0x00007fa208112a30 flushing  nmethod 0x00007fa1f52cbc08
Event: 2.883 Thread 0x00007fa208112a30 flushing  nmethod 0x00007fa1f52cc908
Event: 2.883 Thread 0x00007fa208112a30 flushing  nmethod 0x00007fa1f5355188
Event: 2.883 Thread 0x00007fa208112a30 flushing  nmethod 0x00007fa1f5358708
Event: 2.883 Thread 0x00007fa208112a30 flushing  nmethod 0x00007fa1f53a5b88
Event: 2.883 Thread 0x00007fa208112a30 flushing  nmethod 0x00007fa1f5478f88

Events (20 events):
Event: 1.625 Thread 0x00007fa208844500 Thread added: 0x00007fa0f000ab30
Event: 1.625 Thread 0x00007fa0f000ab30 Thread added: 0x00007fa0e4000f60
Event: 1.632 Thread 0x00007fa0f000ab30 Thread exited: 0x00007fa0f000ab30
Event: 1.632 Thread 0x00007fa0e4000f60 Thread exited: 0x00007fa0e4000f60
Event: 1.652 Thread 0x00007fa208813890 Thread added: 0x00007fa15404b3d0
Event: 1.693 Thread 0x00007fa20802e010 Thread added: 0x00007fa208aecfb0
Event: 1.774 Thread 0x00007fa20802e010 Thread added: 0x00007fa20892d5a0
Event: 1.776 Thread 0x00007fa20802e010 Thread added: 0x00007fa20892e930
Event: 2.189 Thread 0x00007fa20802e010 Thread added: 0x00007fa208c9f6d0
Event: 2.277 Thread 0x00007fa208aecfb0 Thread added: 0x00007fa0e8025640
Event: 2.367 Thread 0x00007fa20802e010 Thread added: 0x00007fa208dfcae0
Event: 2.371 Thread 0x00007fa20802e010 Thread added: 0x00007fa208e84190
Event: 2.377 Thread 0x00007fa0e8025640 Thread added: 0x00007fa0d8000f40
Event: 2.539 Thread 0x00007fa0d8000f40 Thread added: 0x00007fa0c8000f40
Event: 2.718 Thread 0x00007fa20802e010 Thread added: 0x00007fa2090aa930
Event: 3.068 Thread 0x00007fa20802e010 Thread added: 0x00007fa20930ba50
Event: 3.074 Thread 0x00007fa20930ba50 Thread exited: 0x00007fa20930ba50
Event: 3.262 Thread 0x00007fa20802e010 Thread added: 0x00007fa209534080
Event: 3.266 Thread 0x00007fa209534080 Thread added: 0x00007fa094011730
Event: 3.267 Thread 0x00007fa209534080 Thread added: 0x00007fa094013b60


Dynamic libraries:
10000000-10080000 rw-p 00000000 00:00 0 
10080000-100a0000 rw-p 00000000 00:00 0 
100a0000-100c0000 rw-p 00000000 00:00 0 
100c0000-10140000 rw-p 00000000 00:00 0 
10140000-101c0000 rw-p 00000000 00:00 0 
101c0000-10200000 rw-p 00000000 00:00 0 
10200000-102c0000 rw-p 00000000 00:00 0 
102c0000-10300000 rw-p 00000000 00:00 0 
10300000-10440000 rw-p 00000000 00:00 0 
10440000-10470000 rw-p 00000000 00:00 0 
10470000-10480000 ---p 00000000 00:00 0 
10480000-106e0000 rw-p 00000000 00:00 0 
106e0000-50000000 ---p 00000000 00:00 0 
c0000000-c7b00000 rw-p 00000000 00:00 0 
c7b00000-fff00000 ---p 00000000 00:00 0 
fff00000-100000000 rw-p 00000000 00:00 0 
564d62da1000-564d62da2000 r--p 00000000 00:21 874129                     /usr/share/dbeaver-ce/jre/bin/java
564d62da2000-564d62da3000 r-xp 00001000 00:21 874129                     /usr/share/dbeaver-ce/jre/bin/java
564d62da3000-564d62da4000 r--p 00002000 00:21 874129                     /usr/share/dbeaver-ce/jre/bin/java
564d62da4000-564d62da5000 r--p 00002000 00:21 874129                     /usr/share/dbeaver-ce/jre/bin/java
564d62da5000-564d62da6000 rw-p 00003000 00:21 874129                     /usr/share/dbeaver-ce/jre/bin/java
564da1a60000-564da1aaa000 rw-p 00000000 00:00 0                          [heap]
7fa070000000-7fa070021000 rw-p 00000000 00:00 0 
7fa070021000-7fa074000000 ---p 00000000 00:00 0 
7fa078000000-7fa078021000 rw-p 00000000 00:00 0 
7fa078021000-7fa07c000000 ---p 00000000 00:00 0 
7fa07c000000-7fa07c021000 rw-p 00000000 00:00 0 
7fa07c021000-7fa080000000 ---p 00000000 00:00 0 
7fa080000000-7fa080021000 rw-p 00000000 00:00 0 
7fa080021000-7fa084000000 ---p 00000000 00:00 0 
7fa084000000-7fa084021000 rw-p 00000000 00:00 0 
7fa084021000-7fa088000000 ---p 00000000 00:00 0 
7fa088000000-7fa088034000 rw-p 00000000 00:00 0 
7fa088034000-7fa08c000000 ---p 00000000 00:00 0 
7fa08c000000-7fa08c090000 rw-p 00000000 00:00 0 
7fa08c090000-7fa090000000 ---p 00000000 00:00 0 
7fa090000000-7fa090034000 rw-p 00000000 00:00 0 
7fa090034000-7fa094000000 ---p 00000000 00:00 0 
7fa094000000-7fa094034000 rw-p 00000000 00:00 0 
7fa094034000-7fa098000000 ---p 00000000 00:00 0 
7fa098000000-7fa098034000 rw-p 00000000 00:00 0 
7fa098034000-7fa09c000000 ---p 00000000 00:00 0 
7fa09c000000-7fa09c034000 rw-p 00000000 00:00 0 
7fa09c034000-7fa0a0000000 ---p 00000000 00:00 0 
7fa0a2a66000-7fa0a3069000 rw-p 00000000 00:00 0 
7fa0a3069000-7fa0a306d000 ---p 00000000 00:00 0 
7fa0a306d000-7fa0a346b000 rw-p 00000000 00:00 0 
7fa0a346b000-7fa0a3542000 r--p 00000000 00:21 64695                      /usr/share/fonts/adwaita-sans-fonts/AdwaitaSans-Regular.ttf
7fa0a3542000-7fa0a3619000 r--p 00000000 00:21 64695                      /usr/share/fonts/adwaita-sans-fonts/AdwaitaSans-Regular.ttf
7fa0a37fc000-7fa0a3bfe000 rw-p 00000000 00:00 0 
7fa0a3bfe000-7fa0a3c02000 ---p 00000000 00:00 0 
7fa0a3c02000-7fa0a4000000 rw-p 00000000 00:00 0 
7fa0a4000000-7fa0a4034000 rw-p 00000000 00:00 0 
7fa0a4034000-7fa0a8000000 ---p 00000000 00:00 0 
7fa0a8000000-7fa0a8034000 rw-p 00000000 00:00 0 
7fa0a8034000-7fa0ac000000 ---p 00000000 00:00 0 
7fa0ac000000-7fa0ac034000 rw-p 00000000 00:00 0 
7fa0ac034000-7fa0b0000000 ---p 00000000 00:00 0 
7fa0b0000000-7fa0b0034000 rw-p 00000000 00:00 0 
7fa0b0034000-7fa0b4000000 ---p 00000000 00:00 0 
7fa0b4000000-7fa0b4034000 rw-p 00000000 00:00 0 
7fa0b4034000-7fa0b8000000 ---p 00000000 00:00 0 
7fa0b8000000-7fa0b8034000 rw-p 00000000 00:00 0 
7fa0b8034000-7fa0bc000000 ---p 00000000 00:00 0 
7fa0bc000000-7fa0bc021000 rw-p 00000000 00:00 0 
7fa0bc021000-7fa0c0000000 ---p 00000000 00:00 0 
7fa0c0000000-7fa0c0021000 rw-p 00000000 00:00 0 
7fa0c0021000-7fa0c4000000 ---p 00000000 00:00 0 
7fa0c4000000-7fa0c4021000 rw-p 00000000 00:00 0 
7fa0c4021000-7fa0c8000000 ---p 00000000 00:00 0 
7fa0c8000000-7fa0c8021000 rw-p 00000000 00:00 0 
7fa0c8021000-7fa0cc000000 ---p 00000000 00:00 0 
7fa0cc000000-7fa0cc032000 rw-p 00000000 00:00 0 
7fa0cc032000-7fa0d0000000 ---p 00000000 00:00 0 
7fa0d0000000-7fa0d0021000 rw-p 00000000 00:00 0 
7fa0d0021000-7fa0d4000000 ---p 00000000 00:00 0 
7fa0d4000000-7fa0d4021000 rw-p 00000000 00:00 0 
7fa0d4021000-7fa0d8000000 ---p 00000000 00:00 0 
7fa0d8000000-7fa0d8028000 rw-p 00000000 00:00 0 
7fa0d8028000-7fa0dc000000 ---p 00000000 00:00 0 
7fa0dc000000-7fa0dc021000 rw-p 00000000 00:00 0 
7fa0dc021000-7fa0e0000000 ---p 00000000 00:00 0 
7fa0e0000000-7fa0e0021000 rw-p 00000000 00:00 0 
7fa0e0021000-7fa0e4000000 ---p 00000000 00:00 0 
7fa0e4000000-7fa0e4021000 rw-p 00000000 00:00 0 
7fa0e4021000-7fa0e8000000 ---p 00000000 00:00 0 
7fa0e8000000-7fa0e8034000 rw-p 00000000 00:00 0 
7fa0e8034000-7fa0ec000000 ---p 00000000 00:00 0 
7fa0ec000000-7fa0ec021000 rw-p 00000000 00:00 0 
7fa0ec021000-7fa0f0000000 ---p 00000000 00:00 0 
7fa0f0000000-7fa0f0021000 rw-p 00000000 00:00 0 
7fa0f0021000-7fa0f4000000 ---p 00000000 00:00 0 
7fa0f4000000-7fa0f4021000 rw-p 00000000 00:00 0 
7fa0f4021000-7fa0f8000000 ---p 00000000 00:00 0 
7fa0f8000000-7fa0f8021000 rw-p 00000000 00:00 0 
7fa0f8021000-7fa0fc000000 ---p 00000000 00:00 0 
7fa0fc000000-7fa0fc021000 rw-p 00000000 00:00 0 
7fa0fc021000-7fa100000000 ---p 00000000 00:00 0 
7fa100000000-7fa10208b000 rw-p 00000000 00:00 0 
7fa10208b000-7fa104000000 ---p 00000000 00:00 0 
7fa104000000-7fa104021000 rw-p 00000000 00:00 0 
7fa104021000-7fa108000000 ---p 00000000 00:00 0 
7fa108000000-7fa108021000 rw-p 00000000 00:00 0 
7fa108021000-7fa10c000000 ---p 00000000 00:00 0 
7fa10c000000-7fa10c021000 rw-p 00000000 00:00 0 
7fa10c021000-7fa110000000 ---p 00000000 00:00 0 
7fa110000000-7fa110021000 rw-p 00000000 00:00 0 
7fa110021000-7fa114000000 ---p 00000000 00:00 0 
7fa114000000-7fa114021000 rw-p 00000000 00:00 0 
7fa114021000-7fa118000000 ---p 00000000 00:00 0 
7fa118000000-7fa118021000 rw-p 00000000 00:00 0 
7fa118021000-7fa11c000000 ---p 00000000 00:00 0 
7fa11c000000-7fa11c021000 rw-p 00000000 00:00 0 
7fa11c021000-7fa120000000 ---p 00000000 00:00 0 
7fa120000000-7fa120021000 rw-p 00000000 00:00 0 
7fa120021000-7fa124000000 ---p 00000000 00:00 0 
7fa124000000-7fa124021000 rw-p 00000000 00:00 0 
7fa124021000-7fa128000000 ---p 00000000 00:00 0 
7fa128000000-7fa128021000 rw-p 00000000 00:00 0 
7fa128021000-7fa12c000000 ---p 00000000 00:00 0 
7fa12c000000-7fa12c021000 rw-p 00000000 00:00 0 
7fa12c021000-7fa130000000 ---p 00000000 00:00 0 
7fa130000000-7fa130021000 rw-p 00000000 00:00 0 
7fa130021000-7fa134000000 ---p 00000000 00:00 0 
7fa134000000-7fa134034000 rw-p 00000000 00:00 0 
7fa134034000-7fa138000000 ---p 00000000 00:00 0 
7fa138000000-7fa138021000 rw-p 00000000 00:00 0 
7fa138021000-7fa13c000000 ---p 00000000 00:00 0 
7fa13c000000-7fa13c034000 rw-p 00000000 00:00 0 
7fa13c034000-7fa140000000 ---p 00000000 00:00 0 
7fa140000000-7fa140034000 rw-p 00000000 00:00 0 
7fa140034000-7fa144000000 ---p 00000000 00:00 0 
7fa144000000-7fa144034000 rw-p 00000000 00:00 0 
7fa144034000-7fa148000000 ---p 00000000 00:00 0 
7fa148000000-7fa149baa000 rw-p 00000000 00:00 0 
7fa149baa000-7fa14c000000 ---p 00000000 00:00 0 
7fa14c073000-7fa14c475000 rw-p 00000000 00:00 0 
7fa14c475000-7fa14c479000 ---p 00000000 00:00 0 
7fa14c479000-7fa14d07b000 rw-p 00000000 00:00 0 
7fa14d0ff000-7fa14d103000 ---p 00000000 00:00 0 
7fa14d103000-7fa14d1ff000 rw-p 00000000 00:00 0 
7fa14d1ff000-7fa14d203000 ---p 00000000 00:00 0 
7fa14d203000-7fa14d2ff000 rw-p 00000000 00:00 0 
7fa14d2ff000-7fa14d303000 ---p 00000000 00:00 0 
7fa14d303000-7fa14d3ff000 rw-p 00000000 00:00 0 
7fa14d3ff000-7fa14d403000 ---p 00000000 00:00 0 
7fa14d403000-7fa14d4ff000 rw-p 00000000 00:00 0 
7fa14d4ff000-7fa14d503000 ---p 00000000 00:00 0 
7fa14d503000-7fa14d800000 rw-p 00000000 00:00 0 
7fa14d800000-7fa14d802000 r-xp 00000000 00:21 1225424                    /home/artemis/.local/share/DBeaverData/install-data/org.jkiss.dbeaver.product/26.2.0-202608301738/org.eclipse.osgi/49/0/.cp/os/linux/x86_64/libunixfile_1_0_0.so
7fa14d802000-7fa14da01000 ---p 00002000 00:21 1225424                    /home/artemis/.local/share/DBeaverData/install-data/org.jkiss.dbeaver.product/26.2.0-202608301738/org.eclipse.osgi/49/0/.cp/os/linux/x86_64/libunixfile_1_0_0.so
7fa14da01000-7fa14da02000 r--p 00001000 00:21 1225424                    /home/artemis/.local/share/DBeaverData/install-data/org.jkiss.dbeaver.product/26.2.0-202608301738/org.eclipse.osgi/49/0/.cp/os/linux/x86_64/libunixfile_1_0_0.so
7fa14da02000-7fa14da03000 rw-p 00002000 00:21 1225424                    /home/artemis/.local/share/DBeaverData/install-data/org.jkiss.dbeaver.product/26.2.0-202608301738/org.eclipse.osgi/49/0/.cp/os/linux/x86_64/libunixfile_1_0_0.so
7fa14da57000-7fa14da5b000 ---p 00000000 00:00 0 
7fa14da5b000-7fa14db57000 rw-p 00000000 00:00 0 
7fa14db57000-7fa14db5b000 ---p 00000000 00:00 0 
7fa14db5b000-7fa14dc57000 rw-p 00000000 00:00 0 
7fa14dc57000-7fa14dc5b000 ---p 00000000 00:00 0 
7fa14dc5b000-7fa14dd57000 rw-p 00000000 00:00 0 
7fa14dd57000-7fa14dd5b000 ---p 00000000 00:00 0 
7fa14dd5b000-7fa14de57000 rw-p 00000000 00:00 0 
7fa14de57000-7fa14de62000 r--p 00000000 00:21 874347                     /usr/share/dbeaver-ce/jre/lib/libfreetype.so
7fa14de62000-7fa14deda000 r-xp 0000b000 00:21 874347                     /usr/share/dbeaver-ce/jre/lib/libfreetype.so
7fa14deda000-7fa14defe000 r--p 00083000 00:21 874347                     /usr/share/dbeaver-ce/jre/lib/libfreetype.so
7fa14defe000-7fa14df04000 r--p 000a7000 00:21 874347                     /usr/share/dbeaver-ce/jre/lib/libfreetype.so
7fa14df04000-7fa14df05000 rw-p 000ad000 00:21 874347                     /usr/share/dbeaver-ce/jre/lib/libfreetype.so
7fa14df05000-7fa14df0c000 r--p 00000000 00:21 874346                     /usr/share/dbeaver-ce/jre/lib/libfontmanager.so
7fa14df0c000-7fa14e08f000 r-xp 00007000 00:21 874346                     /usr/share/dbeaver-ce/jre/lib/libfontmanager.so
7fa14e08f000-7fa14e0cb000 r--p 0018a000 00:21 874346                     /usr/share/dbeaver-ce/jre/lib/libfontmanager.so
7fa14e0cb000-7fa14e0cd000 r--p 001c6000 00:21 874346                     /usr/share/dbeaver-ce/jre/lib/libfontmanager.so
7fa14e0cd000-7fa14e0ce000 rw-p 001c8000 00:21 874346                     /usr/share/dbeaver-ce/jre/lib/libfontmanager.so
7fa14e0ce000-7fa14e0cf000 rw-p 00000000 00:00 0 
7fa14e0cf000-7fa14e0e0000 r--p 00000000 00:21 874344                     /usr/share/dbeaver-ce/jre/lib/libawt_xawt.so
7fa14e0e0000-7fa14e123000 r-xp 00011000 00:21 874344                     /usr/share/dbeaver-ce/jre/lib/libawt_xawt.so
7fa14e123000-7fa14e137000 r--p 00054000 00:21 874344                     /usr/share/dbeaver-ce/jre/lib/libawt_xawt.so
7fa14e137000-7fa14e139000 r--p 00067000 00:21 874344                     /usr/share/dbeaver-ce/jre/lib/libawt_xawt.so
7fa14e139000-7fa14e13b000 rw-p 00069000 00:21 874344                     /usr/share/dbeaver-ce/jre/lib/libawt_xawt.so
7fa14e13b000-7fa14e13d000 rw-p 00000000 00:00 0 
7fa14e13d000-7fa14e15c000 r--p 00000000 00:21 874342                     /usr/share/dbeaver-ce/jre/lib/libawt.so
7fa14e15c000-7fa14e1fa000 r-xp 0001f000 00:21 874342                     /usr/share/dbeaver-ce/jre/lib/libawt.so
7fa14e1fa000-7fa14e207000 r--p 000bd000 00:21 874342                     /usr/share/dbeaver-ce/jre/lib/libawt.so
7fa14e207000-7fa14e208000 r--p 000c9000 00:21 874342                     /usr/share/dbeaver-ce/jre/lib/libawt.so
7fa14e208000-7fa14e213000 rw-p 000ca000 00:21 874342                     /usr/share/dbeaver-ce/jre/lib/libawt.so
7fa14e213000-7fa14e238000 rw-p 00000000 00:00 0 
7fa14e238000-7fa14e273000 r--p 00000000 00:21 1225402                    /home/artemis/.local/share/DBeaverData/install-data/org.jkiss.dbeaver.product/26.2.0-202608301738/org.eclipse.osgi/152/0/.cp/libswt-pi3-gtk-4973r12.so
7fa14e273000-7fa14e294000 r-xp 0003b000 00:21 1225402                    /home/artemis/.local/share/DBeaverData/install-data/org.jkiss.dbeaver.product/26.2.0-202608301738/org.eclipse.osgi/152/0/.cp/libswt-pi3-gtk-4973r12.so
7fa14e294000-7fa14e2a7000 r--p 0005c000 00:21 1225402                    /home/artemis/.local/share/DBeaverData/install-data/org.jkiss.dbeaver.product/26.2.0-202608301738/org.eclipse.osgi/152/0/.cp/libswt-pi3-gtk-4973r12.so
7fa14e2a7000-7fa14e2a8000 r--p 0006e000 00:21 1225402                    /home/artemis/.local/share/DBeaverData/install-data/org.jkiss.dbeaver.product/26.2.0-202608301738/org.eclipse.osgi/152/0/.cp/libswt-pi3-gtk-4973r12.so
7fa14e2a8000-7fa14e2ab000 rw-p 0006f000 00:21 1225402                    /home/artemis/.local/share/DBeaverData/install-data/org.jkiss.dbeaver.product/26.2.0-202608301738/org.eclipse.osgi/152/0/.cp/libswt-pi3-gtk-4973r12.so
7fa14e2ab000-7fa14e2ac000 rw-p 00000000 00:00 0 
7fa14e2ac000-7fa14e2eb000 r--p 00000000 00:21 1225400                    /home/artemis/.local/share/DBeaverData/install-data/org.jkiss.dbeaver.product/26.2.0-202608301738/org.eclipse.osgi/152/0/.cp/libswt-gtk-4973r12.so
7fa14e2eb000-7fa14e314000 r-xp 0003f000 00:21 1225400                    /home/artemis/.local/share/DBeaverData/install-data/org.jkiss.dbeaver.product/26.2.0-202608301738/org.eclipse.osgi/152/0/.cp/libswt-gtk-4973r12.so
7fa14e314000-7fa14e339000 r--p 00068000 00:21 1225400                    /home/artemis/.local/share/DBeaverData/install-data/org.jkiss.dbeaver.product/26.2.0-202608301738/org.eclipse.osgi/152/0/.cp/libswt-gtk-4973r12.so
7fa14e339000-7fa14e33a000 r--p 0008c000 00:21 1225400                    /home/artemis/.local/share/DBeaverData/install-data/org.jkiss.dbeaver.product/26.2.0-202608301738/org.eclipse.osgi/152/0/.cp/libswt-gtk-4973r12.so
7fa14e33a000-7fa14e342000 rw-p 0008d000 00:21 1225400                    /home/artemis/.local/share/DBeaverData/install-data/org.jkiss.dbeaver.product/26.2.0-202608301738/org.eclipse.osgi/152/0/.cp/libswt-gtk-4973r12.so
7fa14e342000-7fa14e346000 rw-p 00000000 00:00 0 
7fa14e346000-7fa14e34a000 ---p 00000000 00:00 0 
7fa14e34a000-7fa14e446000 rw-p 00000000 00:00 0 
7fa14e446000-7fa14e44a000 ---p 00000000 00:00 0 
7fa14e44a000-7fa14e546000 rw-p 00000000 00:00 0 
7fa14e546000-7fa14e54a000 ---p 00000000 00:00 0 
7fa14e54a000-7fa14e646000 rw-p 00000000 00:00 0 
7fa14e646000-7fa14e64a000 ---p 00000000 00:00 0 
7fa14e64a000-7fa14e746000 rw-p 00000000 00:00 0 
7fa14e746000-7fa14e74a000 ---p 00000000 00:00 0 
7fa14e74a000-7fa14e846000 rw-p 00000000 00:00 0 
7fa14e846000-7fa14e84a000 ---p 00000000 00:00 0 
7fa14e84a000-7fa14e946000 rw-p 00000000 00:00 0 
7fa14e946000-7fa14e94a000 ---p 00000000 00:00 0 
7fa14e94a000-7fa14f34f000 rw-p 00000000 00:00 0 
7fa14f34f000-7fa14f353000 ---p 00000000 00:00 0 
7fa14f353000-7fa14f44f000 rw-p 00000000 00:00 0 
7fa14f44f000-7fa14f453000 ---p 00000000 00:00 0 
7fa14f453000-7fa14f54f000 rw-p 00000000 00:00 0 
7fa14f54f000-7fa14f553000 ---p 00000000 00:00 0 
7fa14f553000-7fa14f64f000 rw-p 00000000 00:00 0 
7fa14f64f000-7fa14f653000 ---p 00000000 00:00 0 
7fa14f653000-7fa14f74f000 rw-p 00000000 00:00 0 
7fa14f74f000-7fa14f753000 ---p 00000000 00:00 0 
7fa14f753000-7fa14f84f000 rw-p 00000000 00:00 0 
7fa14f84f000-7fa14f926000 r--p 00000000 00:21 64695                      /usr/share/fonts/adwaita-sans-fonts/AdwaitaSans-Regular.ttf
7fa14f926000-7fa14f9fd000 r--p 00000000 00:21 64695                      /usr/share/fonts/adwaita-sans-fonts/AdwaitaSans-Regular.ttf
7fa14f9fd000-7fa14fa01000 ---p 00000000 00:00 0 
7fa14fa01000-7fa14fbfe000 rw-p 00000000 00:00 0 
7fa14fbfe000-7fa14fc02000 ---p 00000000 00:00 0 
7fa14fc02000-7fa14fdff000 rw-p 00000000 00:00 0 
7fa14fdff000-7fa14fe03000 ---p 00000000 00:00 0 
7fa14fe03000-7fa150000000 rw-p 00000000 00:00 0 
7fa150000000-7fa150034000 rw-p 00000000 00:00 0 
7fa150034000-7fa154000000 ---p 00000000 00:00 0 
7fa154000000-7fa154080000 rw-p 00000000 00:00 0 
7fa154080000-7fa158000000 ---p 00000000 00:00 0 
7fa158000000-7fa158036000 rw-p 00000000 00:00 0 
7fa158036000-7fa15c000000 ---p 00000000 00:00 0 
7fa15c000000-7fa15c034000 rw-p 00000000 00:00 0 
7fa15c034000-7fa160000000 ---p 00000000 00:00 0 
7fa160000000-7fa160034000 rw-p 00000000 00:00 0 
7fa160034000-7fa164000000 ---p 00000000 00:00 0 
7fa164000000-7fa164034000 rw-p 00000000 00:00 0 
7fa164034000-7fa168000000 ---p 00000000 00:00 0 
7fa168000000-7fa168021000 rw-p 00000000 00:00 0 
7fa168021000-7fa16c000000 ---p 00000000 00:00 0 
7fa16c000000-7fa16c7a8000 rw-p 00000000 00:00 0 
7fa16c7a8000-7fa170000000 ---p 00000000 00:00 0 
7fa170000000-7fa170021000 rw-p 00000000 00:00 0 
7fa170021000-7fa174000000 ---p 00000000 00:00 0 
7fa174000000-7fa174092000 rw-p 00000000 00:00 0 
7fa174092000-7fa178000000 ---p 00000000 00:00 0 
7fa178000000-7fa178021000 rw-p 00000000 00:00 0 
7fa178021000-7fa17c000000 ---p 00000000 00:00 0 
7fa17c000000-7fa17c021000 rw-p 00000000 00:00 0 
7fa17c021000-7fa180000000 ---p 00000000 00:00 0 
7fa180000000-7fa180021000 rw-p 00000000 00:00 0 
7fa180021000-7fa184000000 ---p 00000000 00:00 0 
7fa184000000-7fa184021000 rw-p 00000000 00:00 0 
7fa184021000-7fa188000000 ---p 00000000 00:00 0 
7fa188000000-7fa188021000 rw-p 00000000 00:00 0 
7fa188021000-7fa18c000000 ---p 00000000 00:00 0 
7fa18c000000-7fa18c021000 rw-p 00000000 00:00 0 
7fa18c021000-7fa190000000 ---p 00000000 00:00 0 
7fa190000000-7fa190021000 rw-p 00000000 00:00 0 
7fa190021000-7fa194000000 ---p 00000000 00:00 0 
7fa194000000-7fa1940b4000 rw-p 00000000 00:00 0 
7fa1940b4000-7fa198000000 ---p 00000000 00:00 0 
7fa19801d000-7fa198023000 r--p 00000000 00:21 1225439                    /home/artemis/.local/share/DBeaverData/install-data/org.jkiss.dbeaver.product/26.2.0-202608301738/org.eclipse.osgi/152/0/.cp/libswt-cairo-gtk-4973r12.so
7fa198023000-7fa198026000 r-xp 00006000 00:21 1225439                    /home/artemis/.local/share/DBeaverData/install-data/org.jkiss.dbeaver.product/26.2.0-202608301738/org.eclipse.osgi/152/0/.cp/libswt-cairo-gtk-4973r12.so
7fa198026000-7fa198028000 r--p 00009000 00:21 1225439                    /home/artemis/.local/share/DBeaverData/install-data/org.jkiss.dbeaver.product/26.2.0-202608301738/org.eclipse.osgi/152/0/.cp/libswt-cairo-gtk-4973r12.so
7fa198028000-7fa198029000 r--p 0000a000 00:21 1225439                    /home/artemis/.local/share/DBeaverData/install-data/org.jkiss.dbeaver.product/26.2.0-202608301738/org.eclipse.osgi/152/0/.cp/libswt-cairo-gtk-4973r12.so
7fa198029000-7fa19802a000 rw-p 0000b000 00:21 1225439                    /home/artemis/.local/share/DBeaverData/install-data/org.jkiss.dbeaver.product/26.2.0-202608301738/org.eclipse.osgi/152/0/.cp/libswt-cairo-gtk-4973r12.so
7fa19802a000-7fa19802b000 r--p 00000000 00:21 874350                     /usr/share/dbeaver-ce/jre/lib/libjaas.so
7fa19802b000-7fa19802c000 r-xp 00001000 00:21 874350                     /usr/share/dbeaver-ce/jre/lib/libjaas.so
7fa19802c000-7fa19802d000 r--p 00002000 00:21 874350                     /usr/share/dbeaver-ce/jre/lib/libjaas.so
7fa19802d000-7fa19802e000 r--p 00002000 00:21 874350                     /usr/share/dbeaver-ce/jre/lib/libjaas.so
7fa19802e000-7fa19802f000 rw-p 00003000 00:21 874350                     /usr/share/dbeaver-ce/jre/lib/libjaas.so
7fa19802f000-7fa198033000 ---p 00000000 00:00 0 
7fa198033000-7fa198230000 rw-p 00000000 00:00 0 
7fa198230000-7fa198234000 ---p 00000000 00:00 0 
7fa198234000-7fa198431000 rw-p 00000000 00:00 0 
7fa198431000-7fa198435000 ---p 00000000 00:00 0 
7fa198435000-7fa198632000 rw-p 00000000 00:00 0 
7fa198632000-7fa198636000 ---p 00000000 00:00 0 
7fa198636000-7fa198833000 rw-p 00000000 00:00 0 
7fa198833000-7fa198837000 ---p 00000000 00:00 0 
7fa198837000-7fa198a34000 rw-p 00000000 00:00 0 
7fa198a34000-7fa198a38000 ---p 00000000 00:00 0 
7fa198a38000-7fa198c35000 rw-p 00000000 00:00 0 
7fa198c35000-7fa198c39000 ---p 00000000 00:00 0 
7fa198c39000-7fa198e36000 rw-p 00000000 00:00 0 
7fa198e36000-7fa198e3a000 ---p 00000000 00:00 0 
7fa198e3a000-7fa199037000 rw-p 00000000 00:00 0 
7fa199037000-7fa19903b000 ---p 00000000 00:00 0 
7fa19903b000-7fa199238000 rw-p 00000000 00:00 0 
7fa19929d000-7fa1992a4000 r--s 00000000 00:21 304630                     /usr/lib64/gconv/gconv-modules.cache
7fa1992a4000-7fa1992a7000 r--p 00000000 00:21 1225457                    /home/artemis/.local/share/DBeaverData/install-data/org.jkiss.dbeaver.product/26.2.0-202608301738/org.eclipse.osgi/152/0/.cp/libswt-atk-gtk-4973r12.so
7fa1992a7000-7fa1992ab000 r-xp 00003000 00:21 1225457                    /home/artemis/.local/share/DBeaverData/install-data/org.jkiss.dbeaver.product/26.2.0-202608301738/org.eclipse.osgi/152/0/.cp/libswt-atk-gtk-4973r12.so
7fa1992ab000-7fa1992ad000 r--p 00007000 00:21 1225457                    /home/artemis/.local/share/DBeaverData/install-data/org.jkiss.dbeaver.product/26.2.0-202608301738/org.eclipse.osgi/152/0/.cp/libswt-atk-gtk-4973r12.so
7fa1992ad000-7fa1992ae000 r--p 00008000 00:21 1225457                    /home/artemis/.local/share/DBeaverData/install-data/org.jkiss.dbeaver.product/26.2.0-202608301738/org.eclipse.osgi/152/0/.cp/libswt-atk-gtk-4973r12.so
7fa1992ae000-7fa1992af000 rw-p 00009000 00:21 1225457                    /home/artemis/.local/share/DBeaverData/install-data/org.jkiss.dbeaver.product/26.2.0-202608301738/org.eclipse.osgi/152/0/.cp/libswt-atk-gtk-4973r12.so
7fa1992af000-7fa1992b7000 r--s 00000000 00:21 1225620                    /home/artemis/.local/share/gvfs-metadata/root-1524d789.log
7fa1992b7000-7fa1992b8000 r--p 00000000 00:21 874345                     /usr/share/dbeaver-ce/jre/lib/libextnet.so
7fa1992b8000-7fa1992b9000 r-xp 00001000 00:21 874345                     /usr/share/dbeaver-ce/jre/lib/libextnet.so
7fa1992b9000-7fa1992ba000 r--p 00002000 00:21 874345                     /usr/share/dbeaver-ce/jre/lib/libextnet.so
7fa1992ba000-7fa1992bb000 r--p 00002000 00:21 874345                     /usr/share/dbeaver-ce/jre/lib/libextnet.so
7fa1992bb000-7fa1992bc000 rw-p 00003000 00:21 874345                     /usr/share/dbeaver-ce/jre/lib/libextnet.so
7fa1992bc000-7fa19930d000 r-xp 00000000 00:21 180470                     /usr/lib64/libnss_systemd.so.2
7fa19930d000-7fa199329000 r--p 00051000 00:21 180470                     /usr/lib64/libnss_systemd.so.2
7fa199329000-7fa19932f000 r--p 0006d000 00:21 180470                     /usr/lib64/libnss_systemd.so.2
7fa19932f000-7fa199330000 rw-p 00073000 00:21 180470                     /usr/lib64/libnss_systemd.so.2
7fa199333000-7fa199334000 r--s 00000000 00:21 1225619                    /home/artemis/.local/share/gvfs-metadata/root
7fa199334000-7fa199338000 r-xp 00000000 00:21 35955                      /usr/lib64/libXtst.so.6.1.0
7fa199338000-7fa19933a000 r--p 00004000 00:21 35955                      /usr/lib64/libXtst.so.6.1.0
7fa19933a000-7fa19933b000 r--p 00005000 00:21 35955                      /usr/lib64/libXtst.so.6.1.0
7fa19933b000-7fa19933c000 rw-p 00006000 00:21 35955                      /usr/lib64/libXtst.so.6.1.0
7fa19933c000-7fa199340000 r--p 00000000 00:21 874369                     /usr/share/dbeaver-ce/jre/lib/libverify.so
7fa199340000-7fa199349000 r-xp 00004000 00:21 874369                     /usr/share/dbeaver-ce/jre/lib/libverify.so
7fa199349000-7fa19934b000 r--p 0000d000 00:21 874369                     /usr/share/dbeaver-ce/jre/lib/libverify.so
7fa19934b000-7fa19934d000 r--p 0000e000 00:21 874369                     /usr/share/dbeaver-ce/jre/lib/libverify.so
7fa19934d000-7fa19934e000 rw-p 00010000 00:21 874369                     /usr/share/dbeaver-ce/jre/lib/libverify.so
7fa19934e000-7fa199d53000 rw-p 00000000 00:00 0 
7fa199d53000-7fa199d54000 rw-p 00000000 00:00 0 
7fa199d54000-7fa199d55000 rw-p 00000000 00:00 0 
7fa199d55000-7fa199d7f000 r--s 00000000 00:21 622702                     /usr/share/mime/mime.cache
7fa199d7f000-7fa199d80000 r--s 00000000 00:21 789549                     /var/lib/flatpak/exports/share/mime/mime.cache
7fa199d80000-7fa199d9d000 r-xp 00000000 00:21 182641                     /usr/lib64/gvfs/libgvfscommon.so
7fa199d9d000-7fa199db6000 r--p 0001d000 00:21 182641                     /usr/lib64/gvfs/libgvfscommon.so
7fa199db6000-7fa199dbc000 r--p 00036000 00:21 182641                     /usr/lib64/gvfs/libgvfscommon.so
7fa199dbc000-7fa199dbd000 rw-p 00000000 00:00 0 
7fa199dbd000-7fa199ddc000 r-xp 00000000 00:21 182640                     /usr/lib64/gio/modules/libgvfsdbus.so
7fa199ddc000-7fa199dee000 r--p 0001f000 00:21 182640                     /usr/lib64/gio/modules/libgvfsdbus.so
7fa199dee000-7fa199df0000 r--p 00031000 00:21 182640                     /usr/lib64/gio/modules/libgvfsdbus.so
7fa199df0000-7fa199df1000 rw-p 00033000 00:21 182640                     /usr/lib64/gio/modules/libgvfsdbus.so
7fa199df1000-7fa199dfb000 r--s 00000000 00:21 12957                      /home/artemis/.cache/fontconfig/647deed6591cee926f3017af8bb84674-le64.cache-9
7fa199dfb000-7fa199e05000 r--s 00000000 00:21 12955                      /home/artemis/.cache/fontconfig/c84306f575a7c99a4ef98e81106faa2c-le64.cache-9
7fa199e05000-7fa199e0f000 r--s 00000000 00:21 12953                      /home/artemis/.cache/fontconfig/3b0f926d01e1af29dca0801ce78c44ad-le64.cache-9
7fa199e0f000-7fa199e2c000 r--s 00000000 00:21 448903                     /usr/lib/fontconfig/cache/123d59b33ddb0e7c76bb24004bd5cfac-le64.cache-9
7fa199e2c000-7fa199e2e000 r--s 00000000 00:21 448897                     /usr/lib/fontconfig/cache/01d40cee498be4726842ba21cbce24ab-le64.cache-9
7fa199e2e000-7fa199e2f000 r--s 00000000 00:21 448895                     /usr/lib/fontconfig/cache/39377a11d38956c26ecfe23db50b3cd3-le64.cache-9
7fa199e2f000-7fa199e34000 r--s 00000000 00:21 448889                     /usr/lib/fontconfig/cache/29c8f5b6bf15d25ebb2e963855ab41be-le64.cache-9
7fa199e34000-7fa199e35000 r--s 00000000 00:21 339306                     /home/artemis/.local/share/mime/mime.cache
7fa199e35000-7fa199e3f000 r--s 00000000 00:21 12951                      /home/artemis/.cache/fontconfig/6313413a80ee3c0f802a1001c3eee681-le64.cache-9
7fa199e3f000-7fa199e44000 r--s 00000000 00:21 448905                     /usr/lib/fontconfig/cache/cc8b894d3abbdf0310c48629c0737d80-le64.cache-9
7fa199e44000-7fa199e49000 r--s 00000000 00:21 448901                     /usr/lib/fontconfig/cache/131ab5cc1583381c4f7ce0194912c56d-le64.cache-9
7fa199e49000-7fa199e4a000 r--s 00000000 00:21 448899                     /usr/lib/fontconfig/cache/b2307de753f1224d9542f27e8b3975ae-le64.cache-9
7fa199e4a000-7fa199e4c000 r--s 00000000 00:21 448883                     /usr/lib/fontconfig/cache/e5da922122f90e18ce9aab86d5c2b324-le64.cache-9
7fa199e4c000-7fa199e4e000 r--s 00000000 00:21 448881                     /usr/lib/fontconfig/cache/9162ae45def2e036f06e4d1913f17ba7-le64.cache-9
7fa199e4e000-7fa199e50000 r--s 00000000 00:21 448893                     /usr/lib/fontconfig/cache/9d9e7a658cb1f50f02561d1ed3ca8bca-le64.cache-9
7fa199e50000-7fa199e51000 r--s 00000000 00:21 448891                     /usr/lib/fontconfig/cache/6fcb01a03a016cc71057b587cdea6709-le64.cache-9
7fa199e51000-7fa199e54000 r--s 00000000 00:21 448885                     /usr/lib/fontconfig/cache/71fe2b50576cdbc5f931776365d4a6ea-le64.cache-9
7fa199e54000-7fa199e5d000 r--s 00000000 00:21 448879                     /usr/lib/fontconfig/cache/2a3658b432e68423dcec456e1667e977-le64.cache-9
7fa199e5d000-7fa199e5e000 r--s 00000000 00:21 448877                     /usr/lib/fontconfig/cache/22f06f3be2d16d058da85b73ae1dc5b1-le64.cache-9
7fa199e5e000-7fa199e66000 r--s 00000000 00:21 448875                     /usr/lib/fontconfig/cache/404d0f5f80c97257472e6581151470ac-le64.cache-9
7fa199e66000-7fa199ec8000 r--s 00000000 00:21 448873                     /usr/lib/fontconfig/cache/d63f98f14a274bd69a5425fc33aaac6b-le64.cache-9
7fa199ec8000-7fa199edb000 r--s 00000000 00:21 448871                     /usr/lib/fontconfig/cache/42536ef14367b24656ac994a93d66238-le64.cache-9
7fa199edb000-7fa199ee6000 r--s 00000000 00:21 448869                     /usr/lib/fontconfig/cache/efcfae1a52990961975415036867654f-le64.cache-9
7fa199ee6000-7fa199ef9000 r--s 00000000 00:21 448867                     /usr/lib/fontconfig/cache/c4be257954870c0bf6972134c1de66d5-le64.cache-9
7fa199ef9000-7fa199f10000 r--s 00000000 00:21 448865                     /usr/lib/fontconfig/cache/11813aa27819adc86a2bd907df52c0c9-le64.cache-9
7fa199f10000-7fa199f13000 r--s 00000000 00:21 448859                     /usr/lib/fontconfig/cache/7ee6df7a8311986241317a58487e0145-le64.cache-9
7fa199f13000-7fa199f1c000 r--s 00000000 00:21 448857                     /usr/lib/fontconfig/cache/6ee3103884cce7b2fe6f32eba9089175-le64.cache-9
7fa199f1c000-7fa199f1e000 r--s 00000000 00:21 448855                     /usr/lib/fontconfig/cache/383aa4c3ea81d46e4a1459cd427fba23-le64.cache-9
7fa199f1e000-7fa199f1f000 r--s 00000000 00:21 448887                     /usr/lib/fontconfig/cache/2a90ec7ec7fc01d3a9f58fddf8db0237-le64.cache-9
7fa199f1f000-7fa199f20000 r--s 00000000 00:21 448863                     /usr/lib/fontconfig/cache/a1059391c956b3cbc42a78cac70f430a-le64.cache-9
7fa199f20000-7fa199f24000 r--s 00000000 00:21 448843                     /usr/lib/fontconfig/cache/682aa9b8e50ba64f927562a30cb365d9-le64.cache-9
7fa199f24000-7fa199f2a000 r--s 00000000 00:21 448841                     /usr/lib/fontconfig/cache/221930ae9526a9cb8049af2916f03412-le64.cache-9
7fa199f2a000-7fa199f33000 r--s 00000000 00:21 448839                     /usr/lib/fontconfig/cache/6cdba951d5a16891afaaf2fee13e80e7-le64.cache-9
7fa199f33000-7fa199f36000 r--s 00000000 00:21 448837                     /usr/lib/fontconfig/cache/feeafda3627faad7596d025cfacea73f-le64.cache-9
7fa199f36000-7fa199fc6000 rw-s 00000000 00:01 6530                       /memfd:wayland-cursor (deleted)
7fa199fc6000-7fa19afc8000 rw-p 00000000 00:00 0 
7fa19afc8000-7fa19affe000 r--p 00000000 00:21 452053                     /usr/share/glib-2.0/schemas/gschemas.compiled
7fa19affe000-7fa19c000000 rw-p 00000000 00:00 0 
7fa19c000000-7fa19c021000 rw-p 00000000 00:00 0 
7fa19c021000-7fa1a0000000 ---p 00000000 00:00 0 
7fa1a0000000-7fa1a0021000 rw-p 00000000 00:00 0 
7fa1a0021000-7fa1a4000000 ---p 00000000 00:00 0 
7fa1a4000000-7fa1a5e8d000 rw-p 00000000 00:00 0 
7fa1a5e8d000-7fa1a8000000 ---p 00000000 00:00 0 
7fa1a8000000-7fa1a9323000 rw-p 00000000 00:00 0 
7fa1a9323000-7fa1ac000000 ---p 00000000 00:00 0 
7fa1ac000000-7fa1ac021000 rw-p 00000000 00:00 0 
7fa1ac021000-7fa1b0000000 ---p 00000000 00:00 0 
7fa1b0000000-7fa1b0021000 rw-p 00000000 00:00 0 
7fa1b0021000-7fa1b4000000 ---p 00000000 00:00 0 
7fa1b4000000-7fa1b4021000 rw-p 00000000 00:00 0 
7fa1b4021000-7fa1b8000000 ---p 00000000 00:00 0 
7fa1b8000000-7fa1b8021000 rw-p 00000000 00:00 0 
7fa1b8021000-7fa1bc000000 ---p 00000000 00:00 0 
7fa1bc000000-7fa1bc021000 rw-p 00000000 00:00 0 
7fa1bc021000-7fa1c0000000 ---p 00000000 00:00 0 
7fa1c0000000-7fa1c0002000 r--s 00000000 00:21 448853                     /usr/lib/fontconfig/cache/cc4435afd06e20625c417ffcddec4f51-le64.cache-9
7fa1c0002000-7fa1c0030000 r--s 00000000 00:21 12807                      /home/artemis/.cache/fontconfig/53e3b758dc3c22936b7b08ba99791137-le64.cache-9
7fa1c0030000-7fa1c1032000 rw-p 00000000 00:00 0 
7fa1c1032000-7fa1c1102000 r-xp 00000000 00:21 180472                     /usr/lib64/libsystemd.so.0.42.0
7fa1c1102000-7fa1c1160000 r--p 000d0000 00:21 180472                     /usr/lib64/libsystemd.so.0.42.0
7fa1c1160000-7fa1c1169000 r--p 0012d000 00:21 180472                     /usr/lib64/libsystemd.so.0.42.0
7fa1c1169000-7fa1c116a000 rw-p 00136000 00:21 180472                     /usr/lib64/libsystemd.so.0.42.0
7fa1c116a000-7fa1c116b000 rw-p 00000000 00:00 0 
7fa1c116b000-7fa1c12af000 r-xp 00000000 00:21 181180                     /usr/lib64/libsqlite3.so.3.51.2
7fa1c12af000-7fa1c12ee000 r--p 00144000 00:21 181180                     /usr/lib64/libsqlite3.so.3.51.2
7fa1c12ee000-7fa1c12f2000 r--p 00182000 00:21 181180                     /usr/lib64/libsqlite3.so.3.51.2
7fa1c12f2000-7fa1c12f6000 rw-p 00186000 00:21 181180                     /usr/lib64/libsqlite3.so.3.51.2
7fa1c12f6000-7fa1c12f7000 rw-p 00000000 00:00 0 
7fa1c12f7000-7fa1c1310000 r-xp 00000000 00:21 36691                      /usr/lib64/libjson-glib-1.0.so.0.1000.8
7fa1c1310000-7fa1c1321000 r--p 00019000 00:21 36691                      /usr/lib64/libjson-glib-1.0.so.0.1000.8
7fa1c1321000-7fa1c1322000 r--p 0002a000 00:21 36691                      /usr/lib64/libjson-glib-1.0.so.0.1000.8
7fa1c1322000-7fa1c1323000 rw-p 00000000 00:00 0 
7fa1c1323000-7fa1c13a9000 r-xp 00000000 00:21 194783                     /usr/lib64/libtinysparql-3.0.so.0.1101.0
7fa1c13a9000-7fa1c13f0000 r--p 00086000 00:21 194783                     /usr/lib64/libtinysparql-3.0.so.0.1101.0
7fa1c13f0000-7fa1c13ff000 r--p 000cc000 00:21 194783                     /usr/lib64/libtinysparql-3.0.so.0.1101.0
7fa1c13ff000-7fa1c1400000 rw-p 000db000 00:21 194783                     /usr/lib64/libtinysparql-3.0.so.0.1101.0
7fa1c1400000-7fa1c17d8000 r-xp 00000000 00:21 210044                     /usr/lib64/libgtk-3.so.0.2420.32
7fa1c17d8000-7fa1c1b27000 r--p 003d8000 00:21 210044                     /usr/lib64/libgtk-3.so.0.2420.32
7fa1c1b27000-7fa1c1b3a000 r--p 00726000 00:21 210044                     /usr/lib64/libgtk-3.so.0.2420.32
7fa1c1b3a000-7fa1c1b3c000 rw-p 00739000 00:21 210044                     /usr/lib64/libgtk-3.so.0.2420.32
7fa1c1b3c000-7fa1c1b41000 rw-p 00000000 00:00 0 
7fa1c1b41000-7fa1c1b42000 r--s 00000000 00:21 448851                     /usr/lib/fontconfig/cache/0f80fa86029ae75a63f21d682b864529-le64.cache-9
7fa1c1b42000-7fa1c1b49000 r--s 00000000 00:21 448835                     /usr/lib/fontconfig/cache/d4fe5728f86380c2e3b1e4e9a34fabd8-le64.cache-9
7fa1c1b49000-7fa1c1b4c000 r--s 00000000 00:21 448833                     /usr/lib/fontconfig/cache/18f520a508f13854f77176faf7889ae9-le64.cache-9
7fa1c1b4c000-7fa1c1b4f000 r--s 00000000 00:21 448831                     /usr/lib/fontconfig/cache/3196f05a030874ca00722cbf1e991434-le64.cache-9
7fa1c1b4f000-7fa1c1b85000 r-xp 00000000 00:21 36259                      /usr/lib64/libdbus-1.so.3.38.3
7fa1c1b85000-7fa1c1ba4000 r--p 00036000 00:21 36259                      /usr/lib64/libdbus-1.so.3.38.3
7fa1c1ba4000-7fa1c1ba6000 r--p 00054000 00:21 36259                      /usr/lib64/libdbus-1.so.3.38.3
7fa1c1ba6000-7fa1c1ba7000 rw-p 00056000 00:21 36259                      /usr/lib64/libdbus-1.so.3.38.3
7fa1c1ba7000-7fa1c1bc5000 r-xp 00000000 00:21 209891                     /usr/lib64/libatspi.so.0.0.1
7fa1c1bc5000-7fa1c1be0000 r--p 0001e000 00:21 209891                     /usr/lib64/libatspi.so.0.0.1
7fa1c1be0000-7fa1c1be4000 r--p 00039000 00:21 209891                     /usr/lib64/libatspi.so.0.0.1
7fa1c1be4000-7fa1c1be5000 rw-p 0003d000 00:21 209891                     /usr/lib64/libatspi.so.0.0.1
7fa1c1be5000-7fa1c1bf1000 r-xp 00000000 00:21 36225                      /usr/lib64/libcloudproviders.so.0.4.0
7fa1c1bf1000-7fa1c1bfc000 r--p 0000c000 00:21 36225                      /usr/lib64/libcloudproviders.so.0.4.0
7fa1c1bfc000-7fa1c1bfd000 r--p 00017000 00:21 36225                      /usr/lib64/libcloudproviders.so.0.4.0
7fa1c1bfd000-7fa1c1bfe000 rw-p 00018000 00:21 36225                      /usr/lib64/libcloudproviders.so.0.4.0
7fa1c1bfe000-7fa1c1c1a000 r-xp 00000000 00:21 210018                     /usr/lib64/libatk-bridge-2.0.so.0.0.0
7fa1c1c1a000-7fa1c1c38000 r--p 0001c000 00:21 210018                     /usr/lib64/libatk-bridge-2.0.so.0.0.0
7fa1c1c38000-7fa1c1c3a000 r--p 00039000 00:21 210018                     /usr/lib64/libatk-bridge-2.0.so.0.0.0
7fa1c1c3a000-7fa1c1c3c000 rw-p 0003b000 00:21 210018                     /usr/lib64/libatk-bridge-2.0.so.0.0.0
7fa1c1c3c000-7fa1c1c4d000 r-xp 00000000 00:21 210011                     /usr/lib64/libatk-1.0.so.0.26015.1
7fa1c1c4d000-7fa1c1c5f000 r--p 00011000 00:21 210011                     /usr/lib64/libatk-1.0.so.0.26015.1
7fa1c1c5f000-7fa1c1c62000 r--p 00022000 00:21 210011                     /usr/lib64/libatk-1.0.so.0.26015.1
7fa1c1c62000-7fa1c1c63000 rw-p 00025000 00:21 210011                     /usr/lib64/libatk-1.0.so.0.26015.1
7fa1c1c63000-7fa1c1c64000 r-xp 00000000 00:21 36187                      /usr/lib64/libbrotlicommon.so.1.2.0
7fa1c1c64000-7fa1c1c84000 r--p 00001000 00:21 36187                      /usr/lib64/libbrotlicommon.so.1.2.0
7fa1c1c84000-7fa1c1c85000 r--p 00020000 00:21 36187                      /usr/lib64/libbrotlicommon.so.1.2.0
7fa1c1c85000-7fa1c1c86000 rw-p 00000000 00:00 0 
7fa1c1c86000-7fa1c1cae000 r-xp 00000000 00:21 181226                     /usr/lib64/libblkid.so.1.1.0
7fa1c1cae000-7fa1c1cbc000 r--p 00028000 00:21 181226                     /usr/lib64/libblkid.so.1.1.0
7fa1c1cbc000-7fa1c1cc2000 r--p 00036000 00:21 181226                     /usr/lib64/libblkid.so.1.1.0
7fa1c1cc2000-7fa1c1cc3000 rw-p 0003c000 00:21 181226                     /usr/lib64/libblkid.so.1.1.0
7fa1c1cc3000-7fa1c1ce8000 r-xp 00000000 00:21 36742                      /usr/lib64/liblzma.so.5.8.2
7fa1c1ce8000-7fa1c1cf7000 r--p 00025000 00:21 36742                      /usr/lib64/liblzma.so.5.8.2
7fa1c1cf7000-7fa1c1cf8000 r--p 00033000 00:21 36742                      /usr/lib64/liblzma.so.5.8.2
7fa1c1cf8000-7fa1c1cf9000 rw-p 00034000 00:21 36742                      /usr/lib64/liblzma.so.5.8.2
7fa1c1cf9000-7fa1c1d11000 r-xp 00000000 00:21 36497                      /usr/lib64/libgraphite2.so.3.2.1
7fa1c1d11000-7fa1c1d16000 r--p 00018000 00:21 36497                      /usr/lib64/libgraphite2.so.3.2.1
7fa1c1d16000-7fa1c1d18000 r--p 0001c000 00:21 36497                      /usr/lib64/libgraphite2.so.3.2.1
7fa1c1d18000-7fa1c1d19000 rw-p 00000000 00:00 0 
7fa1c1d19000-7fa1c1d22000 r-xp 00000000 00:21 36188                      /usr/lib64/libbrotlidec.so.1.2.0
7fa1c1d22000-7fa1c1d26000 r--p 00009000 00:21 36188                      /usr/lib64/libbrotlidec.so.1.2.0
7fa1c1d26000-7fa1c1d27000 r--p 0000c000 00:21 36188                      /usr/lib64/libbrotlidec.so.1.2.0
7fa1c1d27000-7fa1c1d28000 rw-p 00000000 00:00 0 
7fa1c1d28000-7fa1c1d4c000 r-xp 00000000 00:21 179788                     /usr/lib64/libgcc_s-16-20260819.so.1
7fa1c1d4c000-7fa1c1d53000 r--p 00024000 00:21 179788                     /usr/lib64/libgcc_s-16-20260819.so.1
7fa1c1d53000-7fa1c1d54000 r--p 0002b000 00:21 179788                     /usr/lib64/libgcc_s-16-20260819.so.1
7fa1c1d54000-7fa1c1d55000 rw-p 00000000 00:00 0 
7fa1c1d55000-7fa1c1e51000 r-xp 00000000 00:21 37382                      /usr/lib64/libxml2.so.2.12.10
7fa1c1e51000-7fa1c1eb7000 r--p 000fc000 00:21 37382                      /usr/lib64/libxml2.so.2.12.10
7fa1c1eb7000-7fa1c1ec2000 r--p 00161000 00:21 37382                      /usr/lib64/libxml2.so.2.12.10
7fa1c1ec2000-7fa1c1ec3000 rw-p 0016c000 00:21 37382                      /usr/lib64/libxml2.so.2.12.10
7fa1c1ec3000-7fa1c1ec4000 rw-p 00000000 00:00 0 
7fa1c1ec4000-7fa1c1fbd000 r-xp 00000000 00:21 182514                     /usr/lib64/libharfbuzz.so.0.61410.0
7fa1c1fbd000-7fa1c1ffd000 r--p 000f9000 00:21 182514                     /usr/lib64/libharfbuzz.so.0.61410.0
7fa1c1ffd000-7fa1c1fff000 r--p 00138000 00:21 182514                     /usr/lib64/libharfbuzz.so.0.61410.0
7fa1c1fff000-7fa1c2000000 rw-p 0013a000 00:21 182514                     /usr/lib64/libharfbuzz.so.0.61410.0
7fa1c2000000-7fa1cfe92000 r--p 00000000 00:21 180440                     /usr/lib/locale/locale-archive
7fa1cfe92000-7fa1cfe93000 r--s 00000000 00:21 448861                     /usr/lib/fontconfig/cache/aa02322cc1375fea2382deabf4339973-le64.cache-9
7fa1cfe93000-7fa1cfe98000 r-xp 00000000 00:21 36256                      /usr/lib64/libdatrie.so.1.4.1
7fa1cfe98000-7fa1cfe9a000 r--p 00005000 00:21 36256                      /usr/lib64/libdatrie.so.1.4.1
7fa1cfe9a000-7fa1cfe9b000 r--p 00007000 00:21 36256                      /usr/lib64/libdatrie.so.1.4.1
7fa1cfe9b000-7fa1cfe9c000 rw-p 00000000 00:00 0 
7fa1cfe9c000-7fa1cfeab000 r-xp 00000000 00:21 181416                     /usr/lib64/libseccomp.so.2.6.1
7fa1cfeab000-7fa1cfec6000 r--p 0000f000 00:21 181416                     /usr/lib64/libseccomp.so.2.6.1
7fa1cfec6000-7fa1cfec7000 r--p 00029000 00:21 181416                     /usr/lib64/libseccomp.so.2.6.1
7fa1cfec7000-7fa1cfec8000 rw-p 0002a000 00:21 181416                     /usr/lib64/libseccomp.so.2.6.1
7fa1cfec8000-7fa1cff10000 r-xp 00000000 00:21 36711                      /usr/lib64/liblcms2.so.2.0.16
7fa1cff10000-7fa1cff2c000 r--p 00048000 00:21 36711                      /usr/lib64/liblcms2.so.2.0.16
7fa1cff2c000-7fa1cff2f000 r--p 00063000 00:21 36711                      /usr/lib64/liblcms2.so.2.0.16
7fa1cff2f000-7fa1cff32000 rw-p 00066000 00:21 36711                      /usr/lib64/liblcms2.so.2.0.16
7fa1cff32000-7fa1cff33000 rw-p 00000000 00:00 0 
7fa1cff33000-7fa1cff42000 r-xp 00000000 00:21 36897                      /usr/lib64/libpangoft2-1.0.so.0.5701.0
7fa1cff42000-7fa1cff4d000 r--p 0000f000 00:21 36897                      /usr/lib64/libpangoft2-1.0.so.0.5701.0
7fa1cff4d000-7fa1cff4e000 r--p 0001a000 00:21 36897                      /usr/lib64/libpangoft2-1.0.so.0.5701.0
7fa1cff4e000-7fa1cff4f000 rw-p 00000000 00:00 0 
7fa1cff4f000-7fa1cffe2000 r-xp 00000000 00:21 36927                      /usr/lib64/libpixman-1.so.0.46.2
7fa1cffe2000-7fa1cfff7000 r--p 00093000 00:21 36927                      /usr/lib64/libpixman-1.so.0.46.2
7fa1cfff7000-7fa1cffff000 r--p 000a8000 00:21 36927                      /usr/lib64/libpixman-1.so.0.46.2
7fa1cffff000-7fa1d0000000 rw-p 000b0000 00:21 36927                      /usr/lib64/libpixman-1.so.0.46.2
7fa1d0000000-7fa1d0500000 rw-p 00000000 00:00 0 
7fa1d0500000-7fa1d0520000 rw-p 00000000 00:00 0 
7fa1d0520000-7fa1d0540000 rw-p 00000000 00:00 0 
7fa1d0540000-7fa1d0580000 rw-p 00000000 00:00 0 
7fa1d0580000-7fa1d0700000 rw-p 00000000 00:00 0 
7fa1d0700000-7fa1d0720000 rw-p 00000000 00:00 0 
7fa1d0720000-7fa1d0740000 rw-p 00000000 00:00 0 
7fa1d0740000-7fa1d0780000 rw-p 00000000 00:00 0 
7fa1d0780000-7fa1d0900000 rw-p 00000000 00:00 0 
7fa1d0900000-7fa1d0920000 rw-p 00000000 00:00 0 
7fa1d0920000-7fa1d0940000 rw-p 00000000 00:00 0 
7fa1d0940000-7fa1d0980000 rw-p 00000000 00:00 0 
7fa1d0980000-7fa1d0b00000 rw-p 00000000 00:00 0 
7fa1d0b00000-7fa1d0b80000 rw-p 00000000 00:00 0 
7fa1d0b80000-7fa1d0c00000 rw-p 00000000 00:00 0 
7fa1d0c00000-7fa1d0d80000 rw-p 00000000 00:00 0 
7fa1d0d80000-7fa1d0e00000 rw-p 00000000 00:00 0 
7fa1d0e00000-7fa1d0f00000 rw-p 00000000 00:00 0 
7fa1d0f00000-7fa1d1000000 rw-p 00000000 00:00 0 
7fa1d1000000-7fa1d1100000 rw-p 00000000 00:00 0 
7fa1d1100000-7fa1d1200000 rw-p 00000000 00:00 0 
7fa1d1200000-7fa1d13e0000 rw-p 00000000 00:00 0 
7fa1d13e0000-7fa1d1500000 rw-p 00000000 00:00 0 
7fa1d1500000-7fa1d1600000 rw-p 00000000 00:00 0 
7fa1d1600000-7fa1d1900000 rw-p 00000000 00:00 0 
7fa1d1900000-7fa1d1b00000 rw-p 00000000 00:00 0 
7fa1d1b00000-7fa1d1c00000 rw-p 00000000 00:00 0 
7fa1d1c00000-7fa1d2300000 rw-p 00000000 00:00 0 
7fa1d2300000-7fa1d2400000 rw-p 00000000 00:00 0 
7fa1d2400000-7fa1d2e20000 rw-p 00000000 00:00 0 
7fa1d2e20000-7fa1d2f00000 ---p 00000000 00:00 0 
7fa1d2f00000-7fa1d30a0000 rw-p 00000000 00:00 0 
7fa1d30a0000-7fa1d4000000 ---p 00000000 00:00 0 
7fa1d4000000-7fa1d4021000 rw-p 00000000 00:00 0 
7fa1d4021000-7fa1d8000000 ---p 00000000 00:00 0 
7fa1d8000000-7fa1d8028000 rw-p 00000000 00:00 0 
7fa1d8028000-7fa1dc000000 ---p 00000000 00:00 0 
7fa1dc000000-7fa1dc021000 rw-p 00000000 00:00 0 
7fa1dc021000-7fa1e0000000 ---p 00000000 00:00 0 
7fa1e0000000-7fa1e0021000 rw-p 00000000 00:00 0 
7fa1e0021000-7fa1e4000000 ---p 00000000 00:00 0 
7fa1e4000000-7fa1e4021000 rw-p 00000000 00:00 0 
7fa1e4021000-7fa1e8000000 ---p 00000000 00:00 0 
7fa1e8000000-7fa1e8021000 rw-p 00000000 00:00 0 
7fa1e8021000-7fa1ec000000 ---p 00000000 00:00 0 
7fa1ec000000-7fa1ec021000 rw-p 00000000 00:00 0 
7fa1ec021000-7fa1f0000000 ---p 00000000 00:00 0 
7fa1f0000000-7fa1f000f000 r-xp 00000000 00:21 36193                      /usr/lib64/libbz2.so.1.0.8
7fa1f000f000-7fa1f0012000 r--p 0000f000 00:21 36193                      /usr/lib64/libbz2.so.1.0.8
7fa1f0012000-7fa1f0013000 r--p 00011000 00:21 36193                      /usr/lib64/libbz2.so.1.0.8
7fa1f0013000-7fa1f0014000 rw-p 00012000 00:21 36193                      /usr/lib64/libbz2.so.1.0.8
7fa1f0014000-7fa1f0036000 r-xp 00000000 00:21 181704                     /usr/lib64/libselinux.so.1
7fa1f0036000-7fa1f0044000 r--p 00022000 00:21 181704                     /usr/lib64/libselinux.so.1
7fa1f0044000-7fa1f0045000 r--p 00030000 00:21 181704                     /usr/lib64/libselinux.so.1
7fa1f0045000-7fa1f0046000 rw-p 00031000 00:21 181704                     /usr/lib64/libselinux.so.1
7fa1f0046000-7fa1f0048000 rw-p 00000000 00:00 0 
7fa1f0048000-7fa1f0086000 r-xp 00000000 00:21 181710                     /usr/lib64/libmount.so.1.1.0
7fa1f0086000-7fa1f009f000 r--p 0003e000 00:21 181710                     /usr/lib64/libmount.so.1.1.0
7fa1f009f000-7fa1f00a1000 r--p 00057000 00:21 181710                     /usr/lib64/libmount.so.1.1.0
7fa1f00a1000-7fa1f00a2000 rw-p 00059000 00:21 181710                     /usr/lib64/libmount.so.1.1.0
7fa1f00a2000-7fa1f00a7000 r-xp 00000000 00:21 37153                      /usr/lib64/libthai.so.0.3.2
7fa1f00a7000-7fa1f00ac000 r--p 00005000 00:21 37153                      /usr/lib64/libthai.so.0.3.2
7fa1f00ac000-7fa1f00ad000 r--p 00009000 00:21 37153                      /usr/lib64/libthai.so.0.3.2
7fa1f00ad000-7fa1f00ae000 rw-p 0000a000 00:21 37153                      /usr/lib64/libthai.so.0.3.2
7fa1f00ae000-7fa1f00b4000 r-xp 00000000 00:21 37339                      /usr/lib64/libxcb-render.so.0.0.0
7fa1f00b4000-7fa1f00bb000 r--p 00006000 00:21 37339                      /usr/lib64/libxcb-render.so.0.0.0
7fa1f00bb000-7fa1f00bc000 r--p 0000d000 00:21 37339                      /usr/lib64/libxcb-render.so.0.0.0
7fa1f00bc000-7fa1f00bd000 rw-p 0000e000 00:21 37339                      /usr/lib64/libxcb-render.so.0.0.0
7fa1f00bd000-7fa1f00d1000 r-xp 00000000 00:21 37355                      /usr/lib64/libxcb.so.1.1.0
7fa1f00d1000-7fa1f00e5000 r--p 00014000 00:21 37355                      /usr/lib64/libxcb.so.1.1.0
7fa1f00e5000-7fa1f00e6000 r--p 00028000 00:21 37355                      /usr/lib64/libxcb.so.1.1.0
7fa1f00e6000-7fa1f00e7000 rw-p 00029000 00:21 37355                      /usr/lib64/libxcb.so.1.1.0
7fa1f00e7000-7fa1f0189000 r-xp 00000000 00:21 182522                     /usr/lib64/libfreetype.so.6.20.6
7fa1f0189000-7fa1f01ba000 r--p 000a2000 00:21 182522                     /usr/lib64/libfreetype.so.6.20.6
7fa1f01ba000-7fa1f01c2000 r--p 000d2000 00:21 182522                     /usr/lib64/libfreetype.so.6.20.6
7fa1f01c2000-7fa1f01c3000 rw-p 00000000 00:00 0 
7fa1f01c3000-7fa1f01ef000 r-xp 00000000 00:21 181259                     /usr/lib64/libpng16.so.16.58.0
7fa1f01ef000-7fa1f01fe000 r--p 0002c000 00:21 181259                     /usr/lib64/libpng16.so.16.58.0
7fa1f01fe000-7fa1f01ff000 r--p 0003a000 00:21 181259                     /usr/lib64/libpng16.so.16.58.0
7fa1f01ff000-7fa1f0200000 rw-p 00000000 00:00 0 
7fa1f0200000-7fa1f0550000 r-xp 00000000 00:21 183355                     /usr/lib64/libglycin-2.so.0
7fa1f0550000-7fa1f060b000 r--p 00350000 00:21 183355                     /usr/lib64/libglycin-2.so.0
7fa1f060b000-7fa1f0624000 r--p 0040a000 00:21 183355                     /usr/lib64/libglycin-2.so.0
7fa1f0624000-7fa1f0627000 rw-p 00423000 00:21 183355                     /usr/lib64/libglycin-2.so.0
7fa1f0627000-7fa1f0629000 r-xp 00000000 00:21 35937                      /usr/lib64/libXau.so.6.0.0
7fa1f0629000-7fa1f062a000 r--p 00002000 00:21 35937                      /usr/lib64/libXau.so.6.0.0
7fa1f062a000-7fa1f062b000 r--p 00003000 00:21 35937                      /usr/lib64/libXau.so.6.0.0
7fa1f062b000-7fa1f062c000 rw-p 00000000 00:00 0 
7fa1f062c000-7fa1f062d000 r-xp 00000000 00:21 37343                      /usr/lib64/libxcb-shm.so.0.0.0
7fa1f062d000-7fa1f062e000 r--p 00001000 00:21 37343                      /usr/lib64/libxcb-shm.so.0.0.0
7fa1f062e000-7fa1f062f000 r--p 00002000 00:21 37343                      /usr/lib64/libxcb-shm.so.0.0.0
7fa1f062f000-7fa1f0630000 rw-p 00003000 00:21 37343                      /usr/lib64/libxcb-shm.so.0.0.0
7fa1f0630000-7fa1f0638000 r-xp 00000000 00:21 35952                      /usr/lib64/libXrender.so.1.3.0
7fa1f0638000-7fa1f063b000 r--p 00008000 00:21 35952                      /usr/lib64/libXrender.so.1.3.0
7fa1f063b000-7fa1f063c000 r--p 0000a000 00:21 35952                      /usr/lib64/libXrender.so.1.3.0
7fa1f063c000-7fa1f063d000 rw-p 0000b000 00:21 35952                      /usr/lib64/libXrender.so.1.3.0
7fa1f063d000-7fa1f065a000 r-xp 00000000 00:21 37407                      /usr/lib64/libz.so.1.3.1.zlib-ng
7fa1f065a000-7fa1f0665000 r--p 0001d000 00:21 37407                      /usr/lib64/libz.so.1.3.1.zlib-ng
7fa1f0665000-7fa1f0666000 r--p 00027000 00:21 37407                      /usr/lib64/libz.so.1.3.1.zlib-ng
7fa1f0666000-7fa1f0667000 rw-p 00028000 00:21 37407                      /usr/lib64/libz.so.1.3.1.zlib-ng
7fa1f0667000-7fa1f06e8000 r-xp 00000000 00:21 36915                      /usr/lib64/libpcre2-8.so.0.15.0
7fa1f06e8000-7fa1f0716000 r--p 00081000 00:21 36915                      /usr/lib64/libpcre2-8.so.0.15.0
7fa1f0716000-7fa1f0717000 r--p 000ae000 00:21 36915                      /usr/lib64/libpcre2-8.so.0.15.0
7fa1f0717000-7fa1f0718000 rw-p 000af000 00:21 36915                      /usr/lib64/libpcre2-8.so.0.15.0
7fa1f0718000-7fa1f0723000 r-xp 00000000 00:21 36355                      /usr/lib64/libffi.so.8.2.0
7fa1f0723000-7fa1f0726000 r--p 0000b000 00:21 36355                      /usr/lib64/libffi.so.8.2.0
7fa1f0726000-7fa1f0727000 r--p 0000e000 00:21 36355                      /usr/lib64/libffi.so.8.2.0
7fa1f0727000-7fa1f0728000 rw-p 0000f000 00:21 36355                      /usr/lib64/libffi.so.8.2.0
7fa1f0728000-7fa1f072a000 r-xp 00000000 00:21 182380                     /usr/lib64/libgmodule-2.0.so.0.8800.3
7fa1f072a000-7fa1f072c000 r--p 00002000 00:21 182380                     /usr/lib64/libgmodule-2.0.so.0.8800.3
7fa1f072c000-7fa1f072d000 r--p 00003000 00:21 182380                     /usr/lib64/libgmodule-2.0.so.0.8800.3
7fa1f072d000-7fa1f072e000 rw-p 00004000 00:21 182380                     /usr/lib64/libgmodule-2.0.so.0.8800.3
7fa1f072e000-7fa1f072f000 r-xp 00000000 00:21 35947                      /usr/lib64/libXinerama.so.1.0.0
7fa1f072f000-7fa1f0730000 r--p 00001000 00:21 35947                      /usr/lib64/libXinerama.so.1.0.0
7fa1f0730000-7fa1f0731000 r--p 00001000 00:21 35947                      /usr/lib64/libXinerama.so.1.0.0
7fa1f0731000-7fa1f0732000 rw-p 00002000 00:21 35947                      /usr/lib64/libXinerama.so.1.0.0
7fa1f0732000-7fa1f073a000 r-xp 00000000 00:21 35951                      /usr/lib64/libXrandr.so.2.2.0
7fa1f073a000-7fa1f073d000 r--p 00008000 00:21 35951                      /usr/lib64/libXrandr.so.2.2.0
7fa1f073d000-7fa1f073e000 r--p 0000b000 00:21 35951                      /usr/lib64/libXrandr.so.2.2.0
7fa1f073e000-7fa1f073f000 rw-p 0000c000 00:21 35951                      /usr/lib64/libXrandr.so.2.2.0
7fa1f073f000-7fa1f0743000 r-xp 00000000 00:21 35943                      /usr/lib64/libXfixes.so.3.1.0
7fa1f0743000-7fa1f0745000 r--p 00004000 00:21 35943                      /usr/lib64/libXfixes.so.3.1.0
7fa1f0745000-7fa1f0746000 r--p 00006000 00:21 35943                      /usr/lib64/libXfixes.so.3.1.0
7fa1f0746000-7fa1f0747000 rw-p 00007000 00:21 35943                      /usr/lib64/libXfixes.so.3.1.0
7fa1f0747000-7fa1f0753000 r-xp 00000000 00:21 35942                      /usr/lib64/libXext.so.6.4.0
7fa1f0753000-7fa1f0759000 r--p 0000c000 00:21 35942                      /usr/lib64/libXext.so.6.4.0
7fa1f0759000-7fa1f075a000 r--p 00011000 00:21 35942                      /usr/lib64/libXext.so.6.4.0
7fa1f075a000-7fa1f075b000 rw-p 00012000 00:21 35942                      /usr/lib64/libXext.so.6.4.0
7fa1f075b000-7fa1f0801000 r-xp 00000000 00:21 35935                      /usr/lib64/libX11.so.6.4.0
7fa1f0801000-7fa1f08aa000 r--p 000a6000 00:21 35935                      /usr/lib64/libX11.so.6.4.0
7fa1f08aa000-7fa1f08ad000 r--p 0014e000 00:21 35935                      /usr/lib64/libX11.so.6.4.0
7fa1f08ad000-7fa1f08b1000 rw-p 00151000 00:21 35935                      /usr/lib64/libX11.so.6.4.0
7fa1f08b1000-7fa1f08e1000 r-xp 00000000 00:21 37378                      /usr/lib64/libxkbcommon.so.0.13.1
7fa1f08e1000-7fa1f090d000 r--p 00030000 00:21 37378                      /usr/lib64/libxkbcommon.so.0.13.1
7fa1f090d000-7fa1f090f000 r--p 0005b000 00:21 37378                      /usr/lib64/libxkbcommon.so.0.13.1
7fa1f090f000-7fa1f0910000 rw-p 0005d000 00:21 37378                      /usr/lib64/libxkbcommon.so.0.13.1
7fa1f0910000-7fa1f0a37000 r-xp 00000000 00:21 182374                     /usr/lib64/libgio-2.0.so.0.8800.3
7fa1f0a37000-7fa1f0ae4000 r--p 00127000 00:21 182374                     /usr/lib64/libgio-2.0.so.0.8800.3
7fa1f0ae4000-7fa1f0aed000 r--p 001d3000 00:21 182374                     /usr/lib64/libgio-2.0.so.0.8800.3
7fa1f0aed000-7fa1f0aee000 rw-p 001dc000 00:21 182374                     /usr/lib64/libgio-2.0.so.0.8800.3
7fa1f0aee000-7fa1f0af0000 rw-p 00000000 00:00 0 
7fa1f0af0000-7fa1f0b23000 r-xp 00000000 00:21 36382                      /usr/lib64/libfontconfig.so.1.16.0
7fa1f0b23000-7fa1f0b40000 r--p 00033000 00:21 36382                      /usr/lib64/libfontconfig.so.1.16.0
7fa1f0b40000-7fa1f0b42000 r--p 00050000 00:21 36382                      /usr/lib64/libfontconfig.so.1.16.0
7fa1f0b42000-7fa1f0b43000 rw-p 00052000 00:21 36382                      /usr/lib64/libfontconfig.so.1.16.0
7fa1f0b43000-7fa1f0bb1000 r-xp 00000000 00:21 36325                      /usr/lib64/libepoxy.so.0.0.0
7fa1f0bb1000-7fa1f0c41000 r--p 0006e000 00:21 36325                      /usr/lib64/libepoxy.so.0.0.0
7fa1f0c41000-7fa1f0c49000 r--p 000fe000 00:21 36325                      /usr/lib64/libepoxy.so.0.0.0
7fa1f0c49000-7fa1f0c50000 rw-p 00106000 00:21 36325                      /usr/lib64/libepoxy.so.0.0.0
7fa1f0c50000-7fa1f0d4d000 r-xp 00000000 00:21 36200                      /usr/lib64/libcairo.so.2.11804.4
7fa1f0d4d000-7fa1f0d93000 r--p 000fd000 00:21 36200                      /usr/lib64/libcairo.so.2.11804.4
7fa1f0d93000-7fa1f0d97000 r--p 00143000 00:21 36200                      /usr/lib64/libcairo.so.2.11804.4
7fa1f0d97000-7fa1f0d99000 rw-p 00147000 00:21 36200                      /usr/lib64/libcairo.so.2.11804.4
7fa1f0d99000-7fa1f0d9a000 rw-p 00000000 00:00 0 
7fa1f0d9a000-7fa1f0e47000 r-xp 00000000 00:21 182378                     /usr/lib64/libglib-2.0.so.0.8800.3
7fa1f0e47000-7fa1f0ef9000 r--p 000ad000 00:21 182378                     /usr/lib64/libglib-2.0.so.0.8800.3
7fa1f0ef9000-7fa1f0efa000 r--p 0015f000 00:21 182378                     /usr/lib64/libglib-2.0.so.0.8800.3
7fa1f0efa000-7fa1f0efb000 rw-p 00160000 00:21 182378                     /usr/lib64/libglib-2.0.so.0.8800.3
7fa1f0efb000-7fa1f0efc000 rw-p 00000000 00:00 0 
7fa1f0efc000-7fa1f0f8d000 r-xp 00000000 00:21 210042                     /usr/lib64/libgdk-3.so.0.2420.32
7fa1f0f8d000-7fa1f0ff1000 r--p 00091000 00:21 210042                     /usr/lib64/libgdk-3.so.0.2420.32
7fa1f0ff1000-7fa1f0ffb000 r--p 000f5000 00:21 210042                     /usr/lib64/libgdk-3.so.0.2420.32
7fa1f0ffb000-7fa1f0ffd000 rw-p 000ff000 00:21 210042                     /usr/lib64/libgdk-3.so.0.2420.32
7fa1f0ffd000-7fa1f1001000 ---p 00000000 00:00 0 
7fa1f1001000-7fa1f10fd000 rw-p 00000000 00:00 0 
7fa1f10fd000-7fa1f1101000 ---p 00000000 00:00 0 
7fa1f1101000-7fa1f11fd000 rw-p 00000000 00:00 0 
7fa1f11fd000-7fa1f1201000 ---p 00000000 00:00 0 
7fa1f1201000-7fa1f12fd000 rw-p 00000000 00:00 0 
7fa1f12fd000-7fa1f1301000 ---p 00000000 00:00 0 
7fa1f1301000-7fa1f13fd000 rw-p 00000000 00:00 0 
7fa1f13fd000-7fa1f1401000 ---p 00000000 00:00 0 
7fa1f1401000-7fa1f14fd000 rw-p 00000000 00:00 0 
7fa1f14fd000-7fa1f1501000 ---p 00000000 00:00 0 
7fa1f1501000-7fa1f15fd000 rw-p 00000000 00:00 0 
7fa1f15fd000-7fa1f1601000 ---p 00000000 00:00 0 
7fa1f1601000-7fa1f16fd000 rw-p 00000000 00:00 0 
7fa1f16fd000-7fa1f1701000 ---p 00000000 00:00 0 
7fa1f1701000-7fa1f17fd000 rw-p 00000000 00:00 0 
7fa1f17fd000-7fa1f1801000 ---p 00000000 00:00 0 
7fa1f1801000-7fa1f1c00000 rw-p 00000000 00:00 0 
7fa1f1c00000-7fa1f3dec000 rw-p 00000000 00:00 0 
7fa1f3dec000-7fa1f4bfc000 ---p 00000000 00:00 0 
7fa1f4bfc000-7fa1f4c00000 rw-p 00000000 00:00 0 
7fa1f4c00000-7fa1f4c03000 r--s 00000000 00:21 448829                     /usr/lib/fontconfig/cache/a11fef9c6b59ddb48eba670bb9bf2c6a-le64.cache-9
7fa1f4c03000-7fa1f4c0a000 r-xp 00000000 00:21 35939                      /usr/lib64/libXcursor.so.1.0.2
7fa1f4c0a000-7fa1f4c0e000 r--p 00007000 00:21 35939                      /usr/lib64/libXcursor.so.1.0.2
7fa1f4c0e000-7fa1f4c0f000 r--p 0000b000 00:21 35939                      /usr/lib64/libXcursor.so.1.0.2
7fa1f4c0f000-7fa1f4c10000 rw-p 00000000 00:00 0 
7fa1f4c10000-7fa1f4c1d000 r-xp 00000000 00:21 181618                     /usr/lib64/libXi.so.6.1.0
7fa1f4c1d000-7fa1f4c21000 r--p 0000d000 00:21 181618                     /usr/lib64/libXi.so.6.1.0
7fa1f4c21000-7fa1f4c22000 r--p 00011000 00:21 181618                     /usr/lib64/libXi.so.6.1.0
7fa1f4c22000-7fa1f4c23000 rw-p 00012000 00:21 181618                     /usr/lib64/libXi.so.6.1.0
7fa1f4c23000-7fa1f4c26000 r-xp 00000000 00:21 182887                     /usr/lib64/libwayland-cursor.so.0.25.0
7fa1f4c26000-7fa1f4c28000 r--p 00003000 00:21 182887                     /usr/lib64/libwayland-cursor.so.0.25.0
7fa1f4c28000-7fa1f4c29000 r--p 00004000 00:21 182887                     /usr/lib64/libwayland-cursor.so.0.25.0
7fa1f4c29000-7fa1f4c2d000 rw-p 00005000 00:21 182887                     /usr/lib64/libwayland-cursor.so.0.25.0
7fa1f4c2d000-7fa1f4c6f000 r-xp 00000000 00:21 36895                      /usr/lib64/libpango-1.0.so.0.5701.0
7fa1f4c6f000-7fa1f4c97000 r--p 00042000 00:21 36895                      /usr/lib64/libpango-1.0.so.0.5701.0
7fa1f4c97000-7fa1f4c9b000 r--p 00069000 00:21 36895                      /usr/lib64/libpango-1.0.so.0.5701.0
7fa1f4c9b000-7fa1f4c9c000 rw-p 0006d000 00:21 36895                      /usr/lib64/libpango-1.0.so.0.5701.0
7fa1f4c9c000-7fa1f4cd5000 r-xp 00000000 00:21 182382                     /usr/lib64/libgobject-2.0.so.0.8800.3
7fa1f4cd5000-7fa1f4cf9000 r--p 00039000 00:21 182382                     /usr/lib64/libgobject-2.0.so.0.8800.3
7fa1f4cf9000-7fa1f4cfc000 r--p 0005d000 00:21 182382                     /usr/lib64/libgobject-2.0.so.0.8800.3
7fa1f4cfc000-7fa1f4cfd000 rw-p 00060000 00:21 182382                     /usr/lib64/libgobject-2.0.so.0.8800.3
7fa1f4cfd000-7fa1f4dfe000 rw-p 00000000 00:00 0 
7fa1f4dfe000-7fa1f572e000 rwxp 00000000 00:00 0 
7fa1f572e000-7fa1fc336000 ---p 00000000 00:00 0 
7fa1fc336000-7fa1fc5a6000 rwxp 00000000 00:00 0 
7fa1fc5a6000-7fa1fc8c8000 ---p 00000000 00:00 0 
7fa1fc8c8000-7fa1fcb98000 rwxp 00000000 00:00 0 
7fa1fcb98000-7fa203e00000 ---p 00000000 00:00 0 
7fa203e00000-7fa207f67000 r--s 00000000 00:21 874371                     /usr/share/dbeaver-ce/jre/lib/modules
7fa207f67000-7fa207f68000 r-xp 00000000 00:21 35938                      /usr/lib64/libXcomposite.so.1.0.0
7fa207f68000-7fa207f69000 r--p 00001000 00:21 35938                      /usr/lib64/libXcomposite.so.1.0.0
7fa207f69000-7fa207f6a000 r--p 00001000 00:21 35938                      /usr/lib64/libXcomposite.so.1.0.0
7fa207f6a000-7fa207f6b000 rw-p 00000000 00:00 0 
7fa207f6b000-7fa207f75000 r-xp 00000000 00:21 36896                      /usr/lib64/libpangocairo-1.0.so.0.5701.0
7fa207f75000-7fa207f7c000 r--p 0000a000 00:21 36896                      /usr/lib64/libpangocairo-1.0.so.0.5701.0
7fa207f7c000-7fa207f7d000 r--p 00010000 00:21 36896                      /usr/lib64/libpangocairo-1.0.so.0.5701.0
7fa207f7d000-7fa207f7e000 rw-p 00011000 00:21 36896                      /usr/lib64/libpangocairo-1.0.so.0.5701.0
7fa207f7e000-7fa207f84000 r-xp 00000000 00:21 36399                      /usr/lib64/libfribidi.so.0.4.0
7fa207f84000-7fa207f9c000 r--p 00006000 00:21 36399                      /usr/lib64/libfribidi.so.0.4.0
7fa207f9c000-7fa207f9d000 r--p 0001d000 00:21 36399                      /usr/lib64/libfribidi.so.0.4.0
7fa207f9d000-7fa207f9e000 rw-p 0001e000 00:21 36399                      /usr/lib64/libfribidi.so.0.4.0
7fa207f9e000-7fa207fbb000 r-xp 00000000 00:21 36442                      /usr/lib64/libgdk_pixbuf-2.0.so.0.4400.4
7fa207fbb000-7fa207fcb000 r--p 0001d000 00:21 36442                      /usr/lib64/libgdk_pixbuf-2.0.so.0.4400.4
7fa207fcb000-7fa207fcd000 r--p 0002c000 00:21 36442                      /usr/lib64/libgdk_pixbuf-2.0.so.0.4400.4
7fa207fcd000-7fa207fce000 rw-p 0002e000 00:21 36442                      /usr/lib64/libgdk_pixbuf-2.0.so.0.4400.4
7fa207fce000-7fa207fd0000 r--s 00000000 00:21 448849                     /usr/lib/fontconfig/cache/766aea8700250f80f5eaad7e28fdbe7c-le64.cache-9
7fa207fd0000-7fa207fd7000 r--s 00000000 00:21 12943                      /home/artemis/.cache/fontconfig/f783f1c3bf354d1a66bd53cae5320e68-le64.cache-9
7fa207fd7000-7fa207fdc000 r--s 00000000 00:21 743256                     /usr/lib/fontconfig/cache/beeeeb3dfe132a8a0633a017c99ce0c0-le64.cache-9
7fa207fdc000-7fa207fe4000 r-xp 00000000 00:21 38471                      /usr/lib64/gio/modules/libdconfsettings.so
7fa207fe4000-7fa207fea000 r--p 00008000 00:21 38471                      /usr/lib64/gio/modules/libdconfsettings.so
7fa207fea000-7fa207feb000 r--p 0000d000 00:21 38471                      /usr/lib64/gio/modules/libdconfsettings.so
7fa207feb000-7fa207fec000 rw-p 0000e000 00:21 38471                      /usr/lib64/gio/modules/libdconfsettings.so
7fa207fec000-7fa207ff0000 r--p 00000000 00:21 874668                     /usr/share/dbeaver-ce/plugins/org.eclipse.equinox.launcher.gtk.linux.x86_64_1.2.1500.v20250801-0854/eclipse_11916.so
7fa207ff0000-7fa207ffa000 r-xp 00004000 00:21 874668                     /usr/share/dbeaver-ce/plugins/org.eclipse.equinox.launcher.gtk.linux.x86_64_1.2.1500.v20250801-0854/eclipse_11916.so
7fa207ffa000-7fa207ffd000 r--p 0000e000 00:21 874668                     /usr/share/dbeaver-ce/plugins/org.eclipse.equinox.launcher.gtk.linux.x86_64_1.2.1500.v20250801-0854/eclipse_11916.so
7fa207ffd000-7fa207ffe000 r--p 00010000 00:21 874668                     /usr/share/dbeaver-ce/plugins/org.eclipse.equinox.launcher.gtk.linux.x86_64_1.2.1500.v20250801-0854/eclipse_11916.so
7fa207ffe000-7fa207fff000 rw-p 00011000 00:21 874668                     /usr/share/dbeaver-ce/plugins/org.eclipse.equinox.launcher.gtk.linux.x86_64_1.2.1500.v20250801-0854/eclipse_11916.so
7fa207fff000-7fa209c87000 rw-p 00000000 00:00 0 
7fa209c87000-7fa20c000000 ---p 00000000 00:00 0 
7fa20c000000-7fa20c001000 r--s 00000000 00:21 448847                     /usr/lib/fontconfig/cache/78bb95f642ebec865afdae902119ea2a-le64.cache-9
7fa20c001000-7fa20c002000 r--s 00000000 00:21 448845                     /usr/lib/fontconfig/cache/019629eead7fd8624feacc17e1c76e56-le64.cache-9
7fa20c002000-7fa20c00a000 r-xp 00000000 00:21 181233                     /usr/lib64/libwayland-client.so.0.25.0
7fa20c00a000-7fa20c00f000 r--p 00008000 00:21 181233                     /usr/lib64/libwayland-client.so.0.25.0
7fa20c00f000-7fa20c011000 r--p 0000d000 00:21 181233                     /usr/lib64/libwayland-client.so.0.25.0
7fa20c011000-7fa20c012000 rw-p 0000f000 00:21 181233                     /usr/lib64/libwayland-client.so.0.25.0
7fa20c012000-7fa20c014000 r--p 00000000 00:21 874370                     /usr/share/dbeaver-ce/jre/lib/libzip.so
7fa20c014000-7fa20c027000 r-xp 00002000 00:21 874370                     /usr/share/dbeaver-ce/jre/lib/libzip.so
7fa20c027000-7fa20c02e000 r--p 00015000 00:21 874370                     /usr/share/dbeaver-ce/jre/lib/libzip.so
7fa20c02e000-7fa20c02f000 r--p 0001c000 00:21 874370                     /usr/share/dbeaver-ce/jre/lib/libzip.so
7fa20c02f000-7fa20c030000 rw-p 0001d000 00:21 874370                     /usr/share/dbeaver-ce/jre/lib/libzip.so
7fa20c030000-7fa20c031000 r--p 00000000 00:21 874366                     /usr/share/dbeaver-ce/jre/lib/libsimdsort.so
7fa20c031000-7fa20c06a000 r-xp 00001000 00:21 874366                     /usr/share/dbeaver-ce/jre/lib/libsimdsort.so
7fa20c06a000-7fa20c070000 r--p 0003a000 00:21 874366                     /usr/share/dbeaver-ce/jre/lib/libsimdsort.so
7fa20c070000-7fa20c071000 r--p 0003f000 00:21 874366                     /usr/share/dbeaver-ce/jre/lib/libsimdsort.so
7fa20c071000-7fa20c072000 rw-p 00040000 00:21 874366                     /usr/share/dbeaver-ce/jre/lib/libsimdsort.so
7fa20c072000-7fa20cafd000 rw-p 00000000 00:00 0 
7fa20cafd000-7fa20ce00000 rw-p 00000000 00:00 0 
7fa20ce00000-7fa20ce3e000 rw-p 00000000 00:00 0 
7fa20ce3e000-7fa20cfff000 ---p 00000000 00:00 0 
7fa20cfff000-7fa20d03e000 rw-p 00000000 00:00 0 
7fa20d03e000-7fa20d1ff000 ---p 00000000 00:00 0 
7fa20d1ff000-7fa20d200000 rw-p 00000000 00:00 0 
7fa20d200000-7fa20d201000 r--p 00000000 00:21 451014                     /etc/dconf/db/distro
7fa20d201000-7fa20d202000 r-xp 00000000 00:21 35940                      /usr/lib64/libXdamage.so.1.1.0
7fa20d202000-7fa20d203000 r--p 00001000 00:21 35940                      /usr/lib64/libXdamage.so.1.1.0
7fa20d203000-7fa20d204000 r--p 00001000 00:21 35940                      /usr/lib64/libXdamage.so.1.1.0
7fa20d204000-7fa20d205000 rw-p 00000000 00:00 0 
7fa20d205000-7fa20d207000 r-xp 00000000 00:21 36198                      /usr/lib64/libcairo-gobject.so.2.11804.4
7fa20d207000-7fa20d20b000 r--p 00002000 00:21 36198                      /usr/lib64/libcairo-gobject.so.2.11804.4
7fa20d20b000-7fa20d20d000 r--p 00005000 00:21 36198                      /usr/lib64/libcairo-gobject.so.2.11804.4
7fa20d20d000-7fa20d20e000 rw-p 00000000 00:00 0 
7fa20d20e000-7fa20d211000 r--p 00000000 00:21 874362                     /usr/share/dbeaver-ce/jre/lib/libnet.so
7fa20d211000-7fa20d219000 r-xp 00003000 00:21 874362                     /usr/share/dbeaver-ce/jre/lib/libnet.so
7fa20d219000-7fa20d21b000 r--p 0000b000 00:21 874362                     /usr/share/dbeaver-ce/jre/lib/libnet.so
7fa20d21b000-7fa20d21c000 r--p 0000c000 00:21 874362                     /usr/share/dbeaver-ce/jre/lib/libnet.so
7fa20d21c000-7fa20d21d000 rw-p 0000d000 00:21 874362                     /usr/share/dbeaver-ce/jre/lib/libnet.so
7fa20d21d000-7fa20dd0c000 rw-p 00000000 00:00 0 
7fa20dd0c000-7fa20ddf1000 ---p 00000000 00:00 0 
7fa20ddf1000-7fa20de04000 rw-p 00000000 00:00 0 
7fa20de04000-7fa20dedc000 ---p 00000000 00:00 0 
7fa20dedc000-7fa20deea000 r--p 00000000 00:21 874351                     /usr/share/dbeaver-ce/jre/lib/libjava.so
7fa20deea000-7fa20def8000 r-xp 0000e000 00:21 874351                     /usr/share/dbeaver-ce/jre/lib/libjava.so
7fa20def8000-7fa20defd000 r--p 0001c000 00:21 874351                     /usr/share/dbeaver-ce/jre/lib/libjava.so
7fa20defd000-7fa20defe000 r--p 00021000 00:21 874351                     /usr/share/dbeaver-ce/jre/lib/libjava.so
7fa20defe000-7fa20deff000 rw-p 00022000 00:21 874351                     /usr/share/dbeaver-ce/jre/lib/libjava.so
7fa20deff000-7fa20df00000 rw-p 00000000 00:00 0 
7fa20df00000-7fa20df04000 ---p 00000000 00:00 0 
7fa20df04000-7fa20e000000 rw-p 00000000 00:00 0 
7fa20e000000-7fa20e2e3000 r--p 00000000 00:21 874380                     /usr/share/dbeaver-ce/jre/lib/server/libjvm.so
7fa20e2e3000-7fa20f36f000 r-xp 002e3000 00:21 874380                     /usr/share/dbeaver-ce/jre/lib/server/libjvm.so
7fa20f36f000-7fa20f680000 r--p 0136f000 00:21 874380                     /usr/share/dbeaver-ce/jre/lib/server/libjvm.so
7fa20f680000-7fa20f76b000 r--p 01680000 00:21 874380                     /usr/share/dbeaver-ce/jre/lib/server/libjvm.so
7fa20f76b000-7fa20f796000 rw-p 0176b000 00:21 874380                     /usr/share/dbeaver-ce/jre/lib/server/libjvm.so
7fa20f796000-7fa20f812000 rw-p 00000000 00:00 0 
7fa20f812000-7fa20f813000 r--p 00000000 00:21 451018                     /etc/dconf/db/site
7fa20f813000-7fa20f815000 r--p 00000000 00:21 1225350                    /home/artemis/.config/dconf/user
7fa20f815000-7fa20f81d000 r--p 00000000 00:21 874363                     /usr/share/dbeaver-ce/jre/lib/libnio.so
7fa20f81d000-7fa20f826000 r-xp 00008000 00:21 874363                     /usr/share/dbeaver-ce/jre/lib/libnio.so
7fa20f826000-7fa20f82a000 r--p 00011000 00:21 874363                     /usr/share/dbeaver-ce/jre/lib/libnio.so
7fa20f82a000-7fa20f82b000 r--p 00015000 00:21 874363                     /usr/share/dbeaver-ce/jre/lib/libnio.so
7fa20f82b000-7fa20f82c000 rw-p 00016000 00:21 874363                     /usr/share/dbeaver-ce/jre/lib/libnio.so
7fa20f82c000-7fa20f830000 r--p 00000000 00:21 874354                     /usr/share/dbeaver-ce/jre/lib/libjimage.so
7fa20f830000-7fa20f848000 r-xp 00004000 00:21 874354                     /usr/share/dbeaver-ce/jre/lib/libjimage.so
7fa20f848000-7fa20f84e000 r--p 0001c000 00:21 874354                     /usr/share/dbeaver-ce/jre/lib/libjimage.so
7fa20f84e000-7fa20f850000 r--p 00021000 00:21 874354                     /usr/share/dbeaver-ce/jre/lib/libjimage.so
7fa20f850000-7fa20f851000 rw-p 00023000 00:21 874354                     /usr/share/dbeaver-ce/jre/lib/libjimage.so
7fa20f851000-7fa20f8e0000 r-xp 00000000 00:21 179841                     /usr/lib64/libm.so.6
7fa20f8e0000-7fa20f966000 r--p 0008f000 00:21 179841                     /usr/lib64/libm.so.6
7fa20f966000-7fa20f967000 r--p 00114000 00:21 179841                     /usr/lib64/libm.so.6
7fa20f967000-7fa20f968000 rw-p 00115000 00:21 179841                     /usr/lib64/libm.so.6
7fa20f968000-7fa20f969000 r-xp 00000000 00:21 179849                     /usr/lib64/librt.so.1
7fa20f969000-7fa20f96a000 r--p 00001000 00:21 179849                     /usr/lib64/librt.so.1
7fa20f96a000-7fa20f96b000 r--p 00001000 00:21 179849                     /usr/lib64/librt.so.1
7fa20f96b000-7fa20f96e000 rw-p 00000000 00:00 0 
7fa20f96e000-7fa20f96f000 r-xp 00000000 00:21 179847                     /usr/lib64/libpthread.so.0
7fa20f96f000-7fa20f970000 r--p 00001000 00:21 179847                     /usr/lib64/libpthread.so.0
7fa20f970000-7fa20f971000 r--p 00001000 00:21 179847                     /usr/lib64/libpthread.so.0
7fa20f971000-7fa20f972000 rw-p 00000000 00:00 0 
7fa20f972000-7fa20f973000 r-xp 00000000 00:21 179840                     /usr/lib64/libdl.so.2
7fa20f973000-7fa20f974000 r--p 00001000 00:21 179840                     /usr/lib64/libdl.so.2
7fa20f974000-7fa20f975000 r--p 00001000 00:21 179840                     /usr/lib64/libdl.so.2
7fa20f975000-7fa20f976000 rw-p 00000000 00:00 0 
7fa20f976000-7fa20fae8000 r-xp 00000000 00:21 179839                     /usr/lib64/libc.so.6
7fa20fae8000-7fa20fb61000 r--p 00172000 00:21 179839                     /usr/lib64/libc.so.6
7fa20fb61000-7fa20fb65000 r--p 001eb000 00:21 179839                     /usr/lib64/libc.so.6
7fa20fb65000-7fa20fb67000 rw-p 001ef000 00:21 179839                     /usr/lib64/libc.so.6
7fa20fb67000-7fa20fb6f000 rw-p 00000000 00:00 0 
7fa20fb6f000-7fa20fb70000 r--p 00000000 00:21 451017                     /etc/dconf/db/local
7fa20fb70000-7fa20fb71000 r--s 00000000 00:4c 9064                       /run/user/1000/dconf/user
7fa20fb71000-7fa20fb72000 r--p 00000000 00:21 450133                     /usr/share/locale/en/LC_MESSAGES/gtk30.mo
7fa20fb72000-7fa20fb73000 r-xp 00000000 00:21 182941                     /usr/lib64/libwayland-egl.so.1.25.0
7fa20fb73000-7fa20fb74000 r--p 00001000 00:21 182941                     /usr/lib64/libwayland-egl.so.1.25.0
7fa20fb74000-7fa20fb75000 r--p 00001000 00:21 182941                     /usr/lib64/libwayland-egl.so.1.25.0
7fa20fb75000-7fa20fb7b000 rw-p 00000000 00:00 0 
7fa20fb7b000-7fa20fb82000 ---p 00000000 00:00 0 
7fa20fb82000-7fa20fb8a000 rw-s 00000000 00:33 13233                      /tmp/hsperfdata_artemis/3152661
7fa20fb8a000-7fa20fb8b000 ---p 00000000 00:00 0 
7fa20fb8b000-7fa20fb8c000 r--p 00000000 00:00 0 
7fa20fb8c000-7fa20fb8d000 ---p 00000000 00:00 0 
7fa20fb8d000-7fa20fb90000 r--p 00000000 00:21 874355                     /usr/share/dbeaver-ce/jre/lib/libjli.so
7fa20fb90000-7fa20fba1000 r-xp 00003000 00:21 874355                     /usr/share/dbeaver-ce/jre/lib/libjli.so
7fa20fba1000-7fa20fba8000 r--p 00014000 00:21 874355                     /usr/share/dbeaver-ce/jre/lib/libjli.so
7fa20fba8000-7fa20fba9000 r--p 0001a000 00:21 874355                     /usr/share/dbeaver-ce/jre/lib/libjli.so
7fa20fba9000-7fa20fbaa000 rw-p 0001b000 00:21 874355                     /usr/share/dbeaver-ce/jre/lib/libjli.so
7fa20fbaa000-7fa20fbac000 rw-p 00000000 00:00 0 
7fa20fbac000-7fa20fbb0000 r--p 00000000 00:00 0                          [vvar]
7fa20fbb0000-7fa20fbb2000 r--p 00000000 00:00 0                          [vvar_vclock]
7fa20fbb2000-7fa20fbb4000 r-xp 00000000 00:00 0                          [vdso]
7fa20fbb4000-7fa20fbdf000 r-xp 00000000 00:21 179836                     /usr/lib64/ld-linux-x86-64.so.2
7fa20fbdf000-7fa20fbeb000 r--p 0002b000 00:21 179836                     /usr/lib64/ld-linux-x86-64.so.2
7fa20fbeb000-7fa20fbed000 r--p 00037000 00:21 179836                     /usr/lib64/ld-linux-x86-64.so.2
7fa20fbed000-7fa20fbee000 rw-p 00039000 00:21 179836                     /usr/lib64/ld-linux-x86-64.so.2
7fa20fbee000-7fa20fbef000 rw-p 00000000 00:00 0 
7ffe4b302000-7ffe4b325000 rw-p 00000000 00:00 0                          [stack]
ffffffffff600000-ffffffffff601000 --xp 00000000 00:00 0                  [vsyscall]
Total number of mappings: 852

JVMTI agents: none


VM Arguments:
jvm_args: -XX:+IgnoreUnrecognizedVMOptions -Dosgi.requiredJavaVersion=21 -Dfile.encoding=UTF-8 --sun-misc-unsafe-memory-access=allow --enable-native-access=ALL-UNNAMED --add-modules=ALL-DEFAULT --add-opens=java.base/java.io=ALL-UNNAMED --add-opens=java.base/java.lang=ALL-UNNAMED --add-opens=java.base/java.lang.reflect=ALL-UNNAMED --add-opens=java.base/java.net=ALL-UNNAMED --add-opens=java.base/java.nio=ALL-UNNAMED --add-opens=java.base/java.nio.charset=ALL-UNNAMED --add-opens=java.base/java.text=ALL-UNNAMED --add-opens=java.base/java.time=ALL-UNNAMED --add-opens=java.base/java.util=ALL-UNNAMED --add-opens=java.base/java.util.concurrent=ALL-UNNAMED --add-opens=java.base/java.util.concurrent.atomic=ALL-UNNAMED --add-opens=java.base/jdk.internal.vm=ALL-UNNAMED --add-opens=java.base/jdk.internal.misc=ALL-UNNAMED --add-opens=java.base/sun.nio.ch=ALL-UNNAMED --add-opens=java.base/sun.nio.fs=ALL-UNNAMED --add-opens=java.base/sun.security.ssl=ALL-UNNAMED --add-opens=java.base/sun.security.util=ALL-UNNAMED --add-opens=java.security.jgss/sun.security.jgss=ALL-UNNAMED --add-opens=java.security.jgss/sun.security.krb5=ALL-UNNAMED --add-opens=java.desktop/java.awt=ALL-UNNAMED --add-opens=java.desktop/java.awt.peer=ALL-UNNAMED --add-opens=java.sql/java.sql=ALL-UNNAMED -Xms64m -Xmx1024m -Ddbeaver.distribution.type=rpm 
java_command: /usr/share/dbeaver-ce//plugins/org.jkiss.dbeaver.launcher_1.0.60.202608301738.jar -os linux -ws gtk -arch x86_64 -showsplash -launcher /usr/share/dbeaver-ce/dbeaver -name Dbeaver --launcher.library /usr/share/dbeaver-ce//plugins/org.eclipse.equinox.launcher.gtk.linux.x86_64_1.2.1500.v20250801-0854/eclipse_11916.so -startup /usr/share/dbeaver-ce//plugins/org.jkiss.dbeaver.launcher_1.0.60.202608301738.jar --launcher.overrideVmargs -exitdata 7 -vm /usr/share/dbeaver-ce/jre/bin/java -vmargs -XX:+IgnoreUnrecognizedVMOptions -Dosgi.requiredJavaVersion=21 -Dfile.encoding=UTF-8 --sun-misc-unsafe-memory-access=allow --enable-native-access=ALL-UNNAMED --add-modules=ALL-DEFAULT --add-opens=java.base/java.io=ALL-UNNAMED --add-opens=java.base/java.lang=ALL-UNNAMED --add-opens=java.base/java.lang.reflect=ALL-UNNAMED --add-opens=java.base/java.net=ALL-UNNAMED --add-opens=java.base/java.nio=ALL-UNNAMED --add-opens=java.base/java.nio.charset=ALL-UNNAMED --add-opens=java.base/java.text=ALL-UNNAMED --add-opens=java.base/java.time=ALL-UNNAMED --add-opens=java.base/java.util=ALL-UNNAMED --add-opens=java.base/java.util.concurrent=ALL-UNNAMED --add-opens=java.base/java.util.concurrent.atomic=ALL-UNNAMED --add-opens=java.base/jdk.internal.vm=ALL-UNNAMED --add-opens=java.base/jdk.internal.misc=ALL-UNNAMED --add-opens=java.base/sun.nio.ch=ALL-UNNAMED --add-opens=java.base/sun.nio.fs=ALL-UNNAMED --add-opens=java.base/sun.security.ssl=ALL-UNNAMED --add-opens=java.base/sun.security.util=ALL-UNNAMED --add-opens=java.security.jgss/sun.security.jgss=ALL-UNNAMED --add-opens=java.security.jgss/sun.security.krb5=ALL-UNNAMED --add-opens=java.desktop/java.awt=ALL-UNNAMED --add-opens=java.desktop/java.awt.peer=ALL-UNNAMED --add-opens=java.sql/java.sql=ALL-UNNAMED -Xms64m -Xmx1024m -Ddbeaver.distribution.type=rpm -jar /usr/share/dbeaver-ce//plugins/org.jkiss.dbeaver.launcher_1.0.60.202608301738.jar
java_class_path (initial): /usr/share/dbeaver-ce//plugins/org.jkiss.dbeaver.launcher_1.0.60.202608301738.jar
Launcher Type: SUN_STANDARD

[Global flags]
     intx CICompilerCount                          = 4                                         {product} {ergonomic}
     uint ConcGCThreads                            = 3                                         {product} {ergonomic}
     uint G1ConcRefinementThreads                  = 10                                        {product} {ergonomic}
   size_t G1HeapRegionSize                         = 1048576                                   {product} {ergonomic}
     bool IgnoreUnrecognizedVMOptions              = true                                      {product} {command line}
   size_t InitialHeapSize                          = 67108864                                  {product} {command line}
   size_t MarkStackSize                            = 4194304                                   {product} {ergonomic}
   size_t MarkStackSizeMax                         = 536870912                                 {product} {ergonomic}
   size_t MaxHeapSize                              = 1073741824                                {product} {command line}
   size_t MaxNewSize                               = 643825664                                 {product} {ergonomic}
   size_t MinHeapDeltaBytes                        = 1048576                                   {product} {ergonomic}
   size_t MinHeapSize                              = 67108864                                  {product} {command line}
    uintx NonNMethodCodeHeapSize                   = 5840896                                {pd product} {ergonomic}
    uintx NonProfiledCodeHeapSize                  = 122912768                              {pd product} {ergonomic}
    uintx ProfiledCodeHeapSize                     = 122912768                              {pd product} {ergonomic}
    uintx ReservedCodeCacheSize                    = 251666432                              {pd product} {ergonomic}
     bool SegmentedCodeCache                       = true                                      {product} {ergonomic}
   size_t SoftMaxHeapSize                          = 1073741824                             {manageable} {ergonomic}
     bool UseCompressedOops                        = true                           {product lp64_product} {ergonomic}
     bool UseG1GC                                  = true                                      {product} {ergonomic}

Logging:
Log output configuration:
 #0: stdout all=warning uptime,level,tags foldmultilines=false
 #1: stderr all=off uptime,level,tags foldmultilines=false

Release file:
JAVA_VERSION="25.0.3"
MODULES="java.base java.compiler java.datatransfer java.xml java.prefs java.desktop java.logging java.management java.security.sasl java.naming java.rmi java.management.rmi java.net.http java.scripting java.security.jgss java.transaction.xa java.sql java.sql.rowset jdk.accessibility jdk.internal.jvmstat jdk.attach jdk.charsets jdk.crypto.cryptoki jdk.crypto.ec jdk.dynalink jdk.httpserver jdk.jcmd jdk.localedata jdk.management jdk.naming.dns jdk.naming.rmi jdk.net jdk.security.auth jdk.security.jgss jdk.unsupported jdk.xml.dom"

Environment Variables:
JAVA_HOME=/usr/lib/jvm/java-25-openjdk
PATH=/home/artemis/.config/nvm/versions/node/v24.21.0/bin:/home/artemis/.local/bin:/usr/local/bin:/usr/bin:/usr/local/sbin:/usr/sbin:/home/artemis/go/bin:/home/artemis/Android/Sdk/platform-tools:/home/artemis/Android/Sdk/emulator:/home/artemis/Android/Sdk/cmdline-tools/latest/bin
XDG_CACHE_HOME=/home/artemis/.cache
XDG_CONFIG_HOME=/home/artemis/.config
SHELL=/usr/bin/zsh
DISPLAY=:0
WAYLAND_DISPLAY=wayland-1
LANG=en_US.UTF-8
TERM=xterm-kitty

Active Locale:
LC_ALL=en_US.UTF-8
LC_COLLATE=en_US.UTF-8
LC_CTYPE=en_US.UTF-8
LC_MESSAGES=en_US.UTF-8
LC_MONETARY=en_US.UTF-8
LC_NUMERIC=en_US.UTF-8
LC_TIME=en_US.UTF-8

Signal Handlers:
   SIGSEGV: crash_handler in libjvm.so, mask=11100100010111111101111111111110, flags=SA_RESTART|SA_SIGINFO, unblocked
    SIGBUS: crash_handler in libjvm.so, mask=11100100010111111101111111111110, flags=SA_RESTART|SA_SIGINFO, unblocked
    SIGFPE: crash_handler in libjvm.so, mask=11100100010111111101111111111110, flags=SA_RESTART|SA_SIGINFO, unblocked
   SIGPIPE: SIG_IGN, mask=00000000000010000000000000000000, flags=SA_RESTART, blocked
  *** Handler was modified!
  *** Expected: javaSignalHandler in libjvm.so, mask=11100100110111111111111111111110, flags=SA_RESTART|SA_SIGINFO
   SIGXFSZ: javaSignalHandler in libjvm.so, mask=11100100010111111101111111111110, flags=SA_RESTART|SA_SIGINFO, blocked
    SIGILL: crash_handler in libjvm.so, mask=11100100010111111101111111111110, flags=SA_RESTART|SA_SIGINFO, unblocked
   SIGUSR2: SR_handler in libjvm.so, mask=00000000000000000000000000000000, flags=SA_RESTART|SA_SIGINFO, blocked
    SIGHUP: UserHandler in libjvm.so, mask=11100100010111111101111111111110, flags=SA_RESTART|SA_SIGINFO, blocked
    SIGINT: UserHandler in libjvm.so, mask=11100100010111111101111111111110, flags=SA_RESTART|SA_SIGINFO, blocked
   SIGTERM: UserHandler in libjvm.so, mask=11100100010111111101111111111110, flags=SA_RESTART|SA_SIGINFO, blocked
   SIGQUIT: UserHandler in libjvm.so, mask=11100100010111111101111111111110, flags=SA_RESTART|SA_SIGINFO, blocked
   SIGTRAP: crash_handler in libjvm.so, mask=11100100010111111101111111111110, flags=SA_RESTART|SA_SIGINFO, unblocked


Compilation memory statistics disabled.

Periodic native trim disabled

---------------  S Y S T E M  ---------------

OS:
Fedora release 44 (Forty Four)
uname: Linux 7.1.10-200.fc44.x86_64 #1 SMP PREEMPT_DYNAMIC Sun Aug 23 16:15:11 UTC 2026 x86_64
OS uptime: 1 days 3:59 hours
libc: glibc 2.43 NPTL 2.43 
rlimit (soft/hard): STACK 8192k/infinity , CORE infinity/infinity , NPROC 126881/126881 , NOFILE 1048576/1048576 , AS infinity/infinity , CPU infinity/infinity , DATA infinity/infinity , FSIZE infinity/infinity , MEMLOCK 8192k/8192k
load average: 1.30 0.77 0.61

/proc/meminfo:
MemTotal:       32640400 kB
MemFree:         1018260 kB
MemAvailable:   21981436 kB
Buffers:            2816 kB
Cached:         20940984 kB
SwapCached:            0 kB
Active:         13065244 kB
Inactive:       14242816 kB
Active(anon):    6908908 kB
Inactive(anon):        0 kB
Active(file):    6156336 kB
Inactive(file): 14242816 kB
Unevictable:       40584 kB
Mlocked:           40584 kB
SwapTotal:       8388604 kB
SwapFree:        8388604 kB
Zswap:                 0 kB
Zswapped:              0 kB
Dirty:              9256 kB
Writeback:             0 kB
AnonPages:       6405352 kB
Mapped:          2269944 kB
Shmem:            540872 kB
KReclaimable:    1027380 kB
Slab:            1563780 kB
SReclaimable:    1027380 kB
SUnreclaim:       536400 kB
KernelStack:       28400 kB
PageTables:       102064 kB
SecPageTables:      4360 kB
NFS_Unstable:          0 kB
Bounce:                0 kB
WritebackTmp:          0 kB
CommitLimit:    24708804 kB
Committed_AS:   34239068 kB
VmallocTotal:   34359738367 kB
VmallocUsed:      156644 kB
VmallocChunk:          0 kB
Percpu:            10704 kB
HardwareCorrupted:     0 kB
AnonHugePages:         0 kB
ShmemHugePages:        0 kB
ShmemPmdMapped:        0 kB
FileHugePages:     22528 kB
FilePmdMapped:     12288 kB
CmaTotal:              0 kB
CmaFree:               0 kB
Unaccepted:            0 kB
Balloon:               0 kB
GPUActive:             0 kB
GPUReclaim:            0 kB
HugePages_Total:       0
HugePages_Free:        0
HugePages_Rsvd:        0
HugePages_Surp:        0
Hugepagesize:       2048 kB
Hugetlb:               0 kB
DirectMap4k:     3357144 kB
DirectMap2M:    26839040 kB
DirectMap1G:     3145728 kB

/sys/kernel/mm/transparent_hugepage/enabled: always [madvise] never
/sys/kernel/mm/transparent_hugepage/hpage_pmd_size: 2097152
/sys/kernel/mm/transparent_hugepage/shmem_enabled: always within_size advise [never] deny force
/sys/kernel/mm/transparent_hugepage/defrag (defrag/compaction efforts parameter): always defer defer+madvise [madvise] never

Process Memory:
Virtual Size: 8796448K (peak: 8861960K)
Resident Set Size: 376260K (peak: 376260K) (anon: 321328K, file: 54640K, shmem: 292K)
Swapped out: 0K
C-Heap outstanding allocations: 95698K, retained: 90297K
glibc malloc tunables: (default)

/proc/sys/kernel/threads-max (system-wide limit on the number of threads): 253762
/proc/sys/vm/max_map_count (maximum number of memory map areas a process may have): 1048576
/proc/sys/vm/swappiness (control to define how aggressively the kernel swaps out anonymous memory): 60
/proc/sys/kernel/pid_max (system-wide limit on number of process identifiers): 4194304

container information not found.
Steal ticks since vm start: 0
Steal ticks percentage since vm start:  0.000

CPU: total 12 (initial active 12) (12 cores per cpu, 2 threads per core) family 25 model 80 stepping 0 microcode 0xa500012, cx8, cmov, fxsr, ht, mmx, 3dnowpref, sse, sse2, sse3, ssse3, sse4a, sse4.1, sse4.2, popcnt, lzcnt, tsc, tscinvbit, avx, avx2, aes, erms, clmul, bmi1, bmi2, adx, sha, fma, vzeroupper, clflush, clflushopt, clwb, rdtscp, rdpid, fsrm, f16c, pku, ospke, cet_ss
CPU Model and flags from /proc/cpuinfo:
model name	: AMD Ryzen 5 5500
flags		: fpu vme de pse tsc msr pae mce cx8 apic sep mtrr pge mca cmov pat pse36 clflush mmx fxsr sse sse2 ht syscall nx mmxext fxsr_opt pdpe1gb rdtscp lm constant_tsc rep_good nopl xtopology nonstop_tsc cpuid extd_apicid aperfmperf rapl pni pclmulqdq monitor ssse3 fma cx16 sse4_1 sse4_2 x2apic movbe popcnt aes xsave avx f16c rdrand lahf_lm cmp_legacy svm extapic cr8_legacy abm sse4a misalignsse 3dnowprefetch osvw ibs skinit wdt tce topoext perfctr_core perfctr_nb bpext perfctr_llc mwaitx cpb cat_l3 cdp_l3 hw_pstate ssbd mba ibrs ibpb stibp vmmcall fsgsbase bmi1 avx2 smep bmi2 erms invpcid cqm rdt_a rdseed adx smap clflushopt clwb sha_ni xsaveopt xsavec xgetbv1 xsaves cqm_llc cqm_occup_llc cqm_mbm_total cqm_mbm_local user_shstk clzero irperf xsaveerptr rdpru wbnoinvd cppc arat npt lbrv svm_lock nrip_save tsc_scale vmcb_clean flushbyasid decodeassists pausefilter pfthreshold avic v_vmsave_vmload vgif v_spec_ctrl umip pku ospke vaes vpclmulqdq rdpid overflow_recov succor smca fsrm debug_swap

Online cpus: 0-11
Offline cpus: 
BIOS frequency limitation: <Not Available>
Frequency switch latency (ns): 0
Available cpu frequencies: <Not Available>
Current governor: powersave
Core performance/turbo boost: 1

Memory: 4k page, physical 32640400k(21981436k free), swap 8388604k(8388604k free)
Page Sizes: 4k

vm_info: OpenJDK 64-Bit Server VM (25.0.3+9-LTS) for linux-amd64 JRE (25.0.3+9-LTS), built on 2026-04-21T00:00:00Z with gcc 14.2.0

END.
